Name of the Movie,Year,Rate,Metascore,Votes,n_Rate
Inception,2010,8.8,74,2334129,88.0
Shutter Island,2010,8.2,63,1303396,82.0
Toy Story 3,2010,8.3,92,833234,83.0
Iron Man 2,2010,6.9,57,814835,69.0
Black Swan,2010,8.0,79,765214,80.0
How to Train Your Dragon,2010,8.1,75,737794,81.0
The Social Network,2010,7.8,95,701019,78.0
The King's Speech,2010,8.0,88,680447,80.0
Kick-Ass,2010,7.6,66,563217,76.0
Despicable Me,2010,7.6,72,547244,76.0
Harry Potter and the Deathly Hallows: Part 1,2010,7.7,65,546740,77.0
Tangled,2010,7.7,71,452970,77.0
Scott Pilgrim vs. the World,2010,7.5,69,426160,75.0
Alice in Wonderland,2010,6.4,53,415597,64.0
Easy A,2010,7.0,72,391652,70.0
The Town,2010,7.5,74,391202,75.0
127 Hours,2010,7.6,82,377627,76.0
The Fighter,2010,7.8,79,368531,78.0
The Expendables,2010,6.4,45,346561,64.0
Due Date,2010,6.5,51,344668,65.0
True Grit,2010,7.6,80,339839,76.0
Tron,2010,6.8,49,338150,68.0
The Book of Eli,2010,6.8,53,319324,68.0
Salt,2010,6.4,65,315761,64.0
Insidious,2010,6.8,52,310126,68.0
RED,2010,7.0,60,309877,70.0
Prince of Persia: The Sands of Time,2010,6.6,50,290782,66.0
Clash of the Titans,2010,5.8,39,283453,58.0
Robin Hood,2010,6.6,53,270549,66.0
The Other Guys,2010,6.6,64,269753,66.0
Megamind,2010,7.3,63,262961,73.0
The A-Team,2010,6.7,47,259836,67.0
Grown Ups,2010,5.9,30,253353,59.0
The Twilight Saga: Eclipse,2010,5.0,58,247179,50.0
The Tourist,2010,6.0,37,244410,60.0
Predators,2010,6.4,51,232681,64.0
Shrek Forever After,2010,6.3,58,205702,63.0
Love & Other Drugs,2010,6.7,55,205240,67.0
Unstoppable,2010,6.8,69,198430,68.0
Blue Valentine,2010,7.3,81,198333,73.0
Machete,2010,6.6,60,198258,66.0
The Next Three Days,2010,7.3,52,197955,73.0
Knight and Day,2010,6.3,46,197316,63.0
Percy Jackson & the Olympians: The Lightning Thief,2010,5.8,47,189957,58.0
The Karate Kid,2010,6.2,61,185011,62.0
Tucker and Dale vs Evil,2010,7.5,65,181406,75.0
Get Him to the Greek,2010,6.3,65,179495,63.0
Incendies,2010,8.3,80,177780,83.0
Hot Tub Time Machine,2010,6.4,63,176276,64.0
Resident Evil: Afterlife,2010,5.8,37,172606,58.0
The Ghost Writer,2010,7.2,77,164855,72.0
The Last Airbender,2010,4.0,20,164347,40.0
Date Night,2010,6.3,56,163857,63.0
The Sorcerer's Apprentice,2010,6.1,46,163033,61.0
Buried,2010,7.0,65,161774,70.0
The Chronicles of Narnia: The Voyage of the Dawn Treader,2010,6.3,53,155370,63.0
Dear John,2010,6.3,43,150016,63.0
Remember Me,2010,7.1,40,148273,71.0
Devil,2010,6.3,44,147637,63.0
Never Let Me Go,2010,7.1,69,146762,71.0
It's Kind of a Funny Story,2010,7.1,63,143991,71.0
Winter's Bone,2010,7.1,90,143901,71.0
She's Out of My League,2010,6.4,46,138185,64.0
Green Zone,2010,6.8,63,138008,68.0
Life as We Know It,2010,6.5,39,132989,65.0
Ang-ma-reul bo-at-da,2010,7.8,67,131293,78.0
The Kids Are All Right,2010,7.0,86,131113,70.0
The Bounty Hunter,2010,5.5,22,128612,55.0
Let Me In,2010,7.1,79,122553,71.0
The Crazies,2010,6.5,56,122148,65.0
Valentine's Day,2010,5.7,34,120442,57.0
From Paris with Love,2010,6.4,42,117911,64.0
The Way Back,2010,7.3,66,117287,73.0
Little Fockers,2010,5.5,27,113567,55.0
Faster,2010,6.4,44,108044,64.0
My Name Is Khan,2010,7.9,50,107655,79.0
The Wolfman,2010,5.8,43,107562,58.0
Dinner for Schmucks,2010,5.9,56,107416,59.0
Repo Men,2010,6.3,32,107412,63.0
The Switch,2010,6.1,52,106738,61.0
Legion,2010,5.2,32,105936,52.0
Yip Man 2,2010,7.5,67,105759,75.0
Paranormal Activity 2,2010,5.7,53,105104,57.0
Leap Year,2010,6.4,33,105001,64.0
Wall Street: Money Never Sleeps,2010,6.2,59,103407,62.0
The Losers,2010,6.3,44,102739,63.0
A Nightmare on Elm Street,2010,5.2,35,101820,52.0
Letters to Juliet,2010,6.5,50,100933,65.0
Saw 3D,2010,5.5,24,99627,55.0
Eat Pray Love,2010,5.8,50,98154,58.0
The American,2010,6.3,61,97786,63.0
Edge of Darkness,2010,6.6,55,95206,66.0
Hereafter,2010,6.5,56,93296,65.0
Karigurashi no Arietty,2010,7.6,80,93280,76.0
Monsters,2010,6.4,63,93224,64.0
Beginners,2010,7.2,81,92553,72.0
Killers,2010,5.4,21,92445,54.0
Piranha 3D,2010,5.5,53,92127,55.0
Submarine,2010,7.3,76,91451,73.0
Biutiful,2010,7.4,58,91253,74.0
Flipped,2010,7.7,45,90635,77.0
Skyline,2010,4.5,26,90196,45.0
Cop Out,2010,5.5,31,88524,55.0
The Last Song,2010,6.0,33,88250,60.0
Burlesque,2010,6.4,47,86712,64.0
I Spit on Your Grave,2010,6.2,27,85181,62.0
Legend of the Guardians: The Owls of Ga'Hoole,2010,6.9,53,84001,69.0
Tropa de Elite 2: O Inimigo Agora é Outro,2010,8.0,71,83490,80.0
Centurion,2010,6.3,62,83367,63.0
Super,2010,6.7,50,80685,67.0
Sex and the City 2,2010,4.5,27,80423,45.0
Morning Glory,2010,6.5,57,79489,65.0
Four Lions,2010,7.3,68,78359,73.0
Inside Job,2010,8.2,88,75932,82.0
Trolljegeren,2010,6.9,61,74884,69.0
Frozen,2010,6.2,43,74364,62.0
Senna,2010,8.5,79,71313,85.0
Gulliver's Travels,2010,4.9,33,70180,49.0
The Debt,2010,6.8,65,69982,68.0
Exit Through the Gift Shop,2010,8.0,85,66673,80.0
Jûsan-nin no shikaku,2010,7.5,84,65996,75.0
Jackass 3D,2010,7.0,56,65901,70.0
Takers,2010,6.2,45,63214,62.0
When in Rome,2010,5.5,25,62806,55.0
Charlie St. Cloud,2010,6.4,37,62717,64.0
Jonah Hex,2010,4.7,33,59443,47.0
Going the Distance,2010,6.3,51,58716,63.0
Step Up 3D,2010,6.1,45,58465,61.0
Animal Kingdom,2010,7.3,83,58132,73.0
All Good Things,2010,6.3,57,56930,63.0
Hesher,2010,6.9,45,52707,69.0
You Again,2010,5.7,28,52431,57.0
Diary of a Wimpy Kid,2010,6.2,56,51810,62.0
Everything Must Go,2010,6.4,65,51472,64.0
How Do You Know,2010,5.4,46,51266,54.0
Death at a Funeral,2010,5.7,51,50706,57.0
The Back-up Plan,2010,5.3,34,50492,53.0
The Last Exorcism,2010,5.7,63,50302,57.0
Rabbit Hole,2010,7.0,76,49753,70.0
Fair Game,2010,6.8,69,49471,68.0
The Runaways,2010,6.5,65,49439,65.0
Vampires Suck,2010,3.4,18,49368,34.0
Don't Be Afraid of the Dark,2010,5.5,56,49301,55.0
Last Night,2010,6.5,50,49025,65.0
Black Death,2010,6.4,71,48751,64.0
London Boulevard,2010,6.2,52,48709,62.0
Tooth Fairy,2010,5.0,36,46948,50.0
The Company Men,2010,6.7,69,46018,67.0
You Will Meet a Tall Dark Stranger,2010,6.3,51,45912,63.0
MacGruber,2010,5.6,43,45784,56.0
Somewhere,2010,6.3,67,45131,63.0
Conviction,2010,7.2,61,44634,72.0
The Spy Next Door,2010,5.4,27,44521,54.0
The Ward,2010,5.5,38,43078,55.0
Catfish,2010,7.1,65,43061,71.0
Stake Land,2010,6.4,66,42895,64.0
Trust,2010,6.9,60,42755,69.0
13,2010,6.0,29,42412,60.0
Stone,2010,5.4,58,41834,54.0
Hævnen,2010,7.6,65,40373,76.0
Wild Target,2010,6.7,41,38654,67.0
Greenberg,2010,6.1,76,37900,61.0
Rubber,2010,5.7,59,37759,57.0
Cyrus,2010,6.3,74,35815,63.0
L'illusionniste,2010,7.5,82,35425,75.0
6 Souls,2010,6.0,28,34827,60.0
The Killer Inside Me,2010,6.1,53,34576,61.0
The Whistleblower,2010,7.1,59,34274,71.0
Nanny McPhee and the Big Bang,2010,6.1,52,33352,61.0
The Way,2010,7.3,64,33140,73.0
"Tomorrow, When the War Began",2010,6.1,54,31339,61.0
Happythankyoumoreplease,2010,6.7,45,30098,67.0
Another Year,2010,7.4,80,29783,74.0
Les amours imaginaires,2010,7.1,70,29339,71.0
Rare Exports,2010,6.6,71,29142,66.0
The Conspirator,2010,6.9,55,29032,69.0
Secretariat,2010,7.2,61,28871,72.0
The Perfect Host,2010,6.7,48,27236,67.0
Boy,2010,7.5,70,26966,75.0
L'arnacoeur,2010,6.7,59,26768,67.0
The Warrior's Way,2010,6.2,45,26554,62.0
Vanishing on 7th Street,2010,4.9,50,26469,49.0
Les petits mouchoirs,2010,7.1,50,25632,71.0
Barney's Version,2010,7.3,67,25284,73.0
Copie conforme,2010,7.2,82,24916,72.0
Welcome to the Rileys,2010,6.9,50,24587,69.0
Restrepo,2010,7.4,85,23868,74.0
Harry Potter and the Deathly Hallows - Part 2,2011,8.1,85,870849,81.0
The Intouchables,2011,8.5,57,853395,85.0
Thor,2011,7.0,57,847248,70.0
Captain America: The First Avenger,2011,6.9,66,842459,69.0
X: First Class,2011,7.7,65,692675,77.0
Drive,2011,7.8,78,637948,78.0
Limitless,2011,7.4,59,573922,74.0
Rise of the Planet of the Apes,2011,7.6,68,529185,76.0
Pirates of the Caribbean: On Stranger Tides,2011,6.6,45,528256,66.0
"Crazy, Stupid, Love.",2011,7.4,68,520944,74.0
Source Code,2011,7.5,74,520924,75.0
The Hangover Part II,2011,6.4,44,500688,64.0
Mission: Impossible - Ghost Protocol,2011,7.4,73,490795,74.0
Warrior,2011,8.2,71,472299,82.0
The Girl with the Dragon Tattoo,2011,7.8,71,463672,78.0
The Help,2011,8.1,62,459062,81.0
Sherlock Holmes: A Game of Shadows,2011,7.4,48,455375,74.0
Horrible Bosses,2011,6.9,57,449733,69.0
Midnight in Paris,2011,7.7,81,424412,77.0
Moneyball,2011,7.6,87,423395,76.0
The Cabin in the Woods,2011,7.0,72,418854,70.0
In Time,2011,6.7,53,412259,67.0
Transformers: Dark of the Moon,2011,6.2,42,409428,62.0
Fast Five,2011,7.3,66,381888,73.0
Friends with Benefits,2011,6.5,63,369724,65.0
Super 8,2011,7.0,72,355106,70.0
50/50,2011,7.6,72,331166,76.0
Real Steel,2011,7.0,56,330071,70.0
Hugo,2011,7.5,83,323753,75.0
Contagion,2011,6.8,70,304283,68.0
Bridesmaids,2011,6.8,75,293030,68.0
Green Lantern,2011,5.5,39,285882,55.0
Kung Fu Panda 2,2011,7.2,67,285811,72.0
Rango,2011,7.2,75,266562,72.0
Unknown,2011,6.8,56,262394,68.0
The Adjustment Bureau,2011,7.0,60,258826,70.0
Paul,2011,6.9,57,253803,69.0
The Grey,2011,6.8,64,253649,68.0
Just Go with It,2011,6.4,33,245726,64.0
Jodaeiye Nader az Simin,2011,8.3,95,245334,83.0
Sucker Punch,2011,6.0,33,243675,60.0
The Descendants,2011,7.3,84,242804,73.0
The Artist,2011,7.9,89,241883,79.0
The Twilight Saga: Breaking Dawn - Part 1,2011,4.9,45,241677,49.0
The Lincoln Lawyer,2011,7.3,63,239673,73.0
I Am Number Four,2011,6.1,36,238694,61.0
The Adventures of Tintin,2011,7.3,68,231889,73.0
No Strings Attached,2011,6.2,50,231511,62.0
Rio,2011,6.9,63,228710,69.0
The Ides of March,2011,7.1,67,223621,71.0
Cowboys & Aliens,2011,6.0,50,222204,60.0
Serbuan maut,2011,7.6,73,205490,76.0
Bad Teacher,2011,5.6,47,204204,56.0
Tinker Tailor Soldier Spy,2011,7.0,85,202596,70.0
Hanna,2011,6.8,65,199848,68.0
Shame,2011,7.2,72,196748,72.0
Cars 2,2011,6.2,57,191151,62.0
The Change-Up,2011,6.3,39,183963,63.0
Melancholia,2011,7.1,80,183770,71.0
Battle: Los Angeles,2011,5.7,37,180978,57.0
The Tree of Life,2011,6.8,85,177793,68.0
Immortals,2011,6.0,46,169460,60.0
The Mechanic,2011,6.5,49,161871,65.0
The Green Hornet,2011,5.8,39,161109,58.0
Puss in Boots,2011,6.6,65,160167,66.0
War Horse,2011,7.2,72,158256,72.0
We Need to Talk About Kevin,2011,7.5,68,155958,75.0
One Day,2011,7.0,48,153988,70.0
La piel que habito,2011,7.6,70,153710,76.0
Scream 4,2011,6.2,52,150870,62.0
Tower Heist,2011,6.2,59,145123,62.0
We Bought a Zoo,2011,7.1,58,144502,71.0
The Thing,2011,6.2,49,133711,62.0
Margin Call,2011,7.1,76,132603,71.0
Johnny English Reborn,2011,6.3,46,131990,63.0
Killer Elite,2011,6.4,44,131060,64.0
J. Edgar,2011,6.5,59,129284,65.0
Carnage,2011,7.1,61,127577,71.0
Hall Pass,2011,5.9,45,126577,59.0
Priest,2011,5.7,41,120608,57.0
Ghost Rider: Spirit of Vengeance,2011,4.3,34,120346,43.0
Final Destination 5,2011,5.9,50,117502,59.0
Water for Elephants,2011,6.9,52,117018,69.0
Red Riding Hood,2011,5.4,29,112880,54.0
The Iron Lady,2011,6.4,52,109980,64.0
The Three Musketeers,2011,5.7,35,108468,57.0
Fright Night,2011,6.4,64,107967,64.0
Attack the Block,2011,6.6,75,107484,66.0
The Rum Diary,2011,6.1,56,105540,61.0
A Dangerous Method,2011,6.4,76,104255,64.0
Hodejegerne,2011,7.5,72,102764,75.0
Extremely Loud & Incredibly Close,2011,6.9,46,102493,69.0
Colombiana,2011,6.4,45,102043,64.0
30 Minutes or Less,2011,6.1,49,101793,61.0
Your Highness,2011,5.5,31,101692,55.0
Take Shelter,2011,7.3,85,101250,73.0
You're Next,2011,6.6,66,100631,66.0
Drive Angry,2011,5.4,44,100027,54.0
Conan the Barbarian,2011,5.1,36,99634,51.0
The Rite,2011,6.0,38,98856,60.0
Mr. Popper's Penguins,2011,6.0,53,98194,60.0
Another Earth,2011,6.9,66,96308,69.0
The Best Exotic Marigold Hotel,2011,7.2,62,95943,72.0
Paranormal Activity 3,2011,5.8,59,95782,58.0
Season of the Witch,2011,5.4,28,94826,54.0
The Muppets,2011,7.1,75,93055,71.0
The Smurfs,2011,5.4,30,91091,54.0
Jane Eyre,2011,7.3,76,88674,73.0
The Guard,2011,7.3,78,88599,73.0
Our Idiot Brother,2011,6.4,60,88332,64.0
My Week with Marilyn,2011,6.9,65,87583,69.0
Goon,2011,6.8,64,87559,68.0
Haywire,2011,5.8,67,87319,58.0
Detachment,2011,7.7,52,86715,77.0
New Year's Eve,2011,5.6,22,86403,56.0
Jack and Jill,2011,3.3,23,85310,33.0
Young Adult,2011,6.3,71,84731,63.0
The Inbetweeners Movie,2011,6.7,44,83296,67.0
What's Your Number?,2011,6.0,35,81797,60.0
Abduction,2011,5.1,25,80921,51.0
Killer Joe,2011,6.7,62,79061,67.0
Beastly,2011,5.5,40,78078,55.0
Justin Bieber: Never Say Never,2011,1.6,52,76280,16.0
The Sitter,2011,5.6,39,71110,56.0
The Eagle,2011,6.2,55,70922,62.0
God Bless America,2011,7.1,56,70411,71.0
A Very Harold & Kumar 3D Christmas,2011,6.2,61,70088,62.0
Larry Crowne,2011,6.1,41,68014,61.0
Dream House,2011,6.0,35,67207,60.0
The Awakening,2011,6.4,53,67035,64.0
Machine Gun Preacher,2011,6.7,43,66548,67.0
Salmon Fishing in the Yemen,2011,6.8,58,65255,68.0
Red State,2011,6.1,50,64974,61.0
"Jeff, Who Lives at Home",2011,6.5,60,64216,65.0
Something Borrowed,2011,5.8,36,62724,58.0
The Devil's Double,2011,7.1,52,62400,71.0
Like Crazy,2011,6.6,68,61990,66.0
Zookeeper,2011,5.2,30,61979,52.0
The Darkest Hour,2011,4.9,18,61624,49.0
Bernie,2011,6.8,75,60848,68.0
Perfect Sense,2011,7.0,55,60645,70.0
Arthur Christmas,2011,7.1,69,59449,71.0
The Art of Getting By,2011,6.5,36,59310,65.0
Grave Encounters,2011,6.1,33,59006,61.0
Gnomeo & Juliet,2011,5.9,53,56427,59.0
Apollo 18,2011,5.2,24,55991,52.0
Sanctum,2011,5.9,42,55899,59.0
The Dilemma,2011,5.3,46,54756,53.0
Win Win,2011,7.1,75,54076,71.0
Take Me Home Tonight,2011,6.3,42,53695,63.0
Martha Marcy May Marlene,2011,6.8,75,53623,68.0
Don 2,2011,7.0,49,53595,70.0
Jin ling shi san chai,2011,7.5,46,53249,75.0
Arthur,2011,5.7,36,52114,57.0
Footloose,2011,5.8,58,50452,58.0
Soul Surfer,2011,7.0,53,50152,70.0
The Beaver,2011,6.6,60,49401,66.0
Kill the Irishman,2011,7.0,50,48963,70.0
Hobo with a Shotgun,2011,6.1,55,46733,61.0
Bir Zamanlar Anadolu'da,2011,7.8,82,46718,78.0
Seeking Justice,2011,6.1,38,46640,61.0
The Big Year,2011,6.2,53,45762,62.0
Monte Carlo,2011,5.8,43,45507,58.0
Happy Feet Two,2011,5.8,50,45269,58.0
Kokuriko-zaka kara,2011,7.4,71,44733,74.0
Trespass,2011,5.3,37,43783,53.0
Mientras duermes,2011,7.2,70,43273,72.0
Ra.One,2011,4.7,60,43141,47.0
Friends with Kids,2011,6.1,55,42523,61.0
Ironclad,2011,6.1,42,42414,61.0
Kill List,2011,6.4,67,41562,64.0
Anonymous,2011,6.8,50,41138,68.0
The Hunter,2011,6.7,63,39479,67.0
The Human Centipede II (Full Sequence),2011,3.8,17,39408,38.0
The Roommate,2011,4.8,23,39267,48.0
Cedar Rapids,2011,6.3,70,38635,63.0
The Divide,2011,5.8,28,37198,58.0
Jiro Dreams of Sushi,2011,7.8,77,36243,78.0
Samsara,2011,8.4,65,36202,84.0
Alvin and the Chipmunks: Chipwrecked,2011,4.3,24,35932,43.0
This Must Be the Place,2011,6.7,61,35696,67.0
The Innkeepers,2011,5.5,64,35677,55.0
Hop,2011,5.4,41,34762,54.0
Straw Dogs,2011,5.8,45,34691,58.0
In the Land of Blood and Honey,2011,4.7,56,34341,47.0
Flypaper,2011,6.3,37,33156,63.0
Sleeping Beauty,2011,5.3,57,32960,53.0
Tyrannosaur,2011,7.5,65,32474,75.0
Coriolanus,2011,6.1,79,32411,61.0
Hysteria,2011,6.7,53,32197,67.0
Diary of a Wimpy Kid: Rodrick Rules,2011,6.5,51,32071,65.0
The Dark Knight Rises,2012,8.4,78,1695623,84.0
Django Unchained,2012,8.4,81,1541718,84.0
The Avengers,2012,8.0,69,1385431,80.0
The Hunger Games,2012,7.2,68,916185,72.0
The Hobbit: An Unexpected Journey,2012,7.8,58,826922,78.0
Silver Linings Playbook,2012,7.7,81,708987,77.0
Skyfall,2012,7.8,81,696516,78.0
The Amazing Spider-Man,2012,6.9,66,655270,69.0
Life of Pi,2012,7.9,79,629564,79.0
Ted,2012,6.9,62,614884,69.0
Argo,2012,7.7,86,614653,77.0
Prometheus,2012,7.0,64,609889,70.0
Looper,2012,7.4,84,576114,74.0
21 Jump Street,2012,7.2,69,557676,72.0
The Perks of Being a Wallflower,2012,8.0,67,511358,80.0
Wreck-It Ralph,2012,7.7,72,422827,77.0
Brave,2012,7.1,69,411935,71.0
Men in Black 3,2012,6.8,58,364068,68.0
Cloud Atlas,2012,7.4,55,363062,74.0
Flight,2012,7.3,76,355378,73.0
Moonrise Kingdom,2012,7.8,84,350237,78.0
Jack Reacher,2012,7.0,50,342540,70.0
Les Misérables,2012,7.5,63,330571,75.0
Jagten,2012,8.3,77,329436,83.0
The Expendables 2,2012,6.6,51,308262,66.0
Taken 2,2012,6.2,45,308090,62.0
The Dictator,2012,6.4,58,308045,64.0
Pitch Perfect,2012,7.1,66,306925,71.0
The Bourne Legacy,2012,6.6,61,303264,66.0
Zero Dark Thirty,2012,7.4,95,301730,74.0
Snow White and the Huntsman,2012,6.1,57,290812,61.0
Dredd,2012,7.1,60,276407,71.0
John Carter,2012,6.6,51,273802,66.0
The Place Beyond the Pines,2012,7.3,68,269706,73.0
Dark Shadows,2012,6.2,55,268722,62.0
Lincoln,2012,7.3,86,261308,73.0
Seven Psychopaths,2012,7.1,66,258636,71.0
Hotel Transylvania,2012,7.0,47,256781,70.0
Total Recall,2012,6.2,43,255478,62.0
Sinister,2012,6.8,53,254484,68.0
Chronicle,2012,7.0,69,252699,70.0
The Twilight Saga: Breaking Dawn - Part 2,2012,5.5,52,249937,55.0
End of Watch,2012,7.6,68,249558,76.0
Battleship,2012,5.8,41,248994,58.0
Lawless,2012,7.2,58,243113,72.0
Lo imposible,2012,7.5,73,224758,75.0
Safe House,2012,6.7,52,224092,67.0
American Reunion,2012,6.7,49,215388,67.0
Project X,2012,6.6,48,211635,66.0
Ice Age: Continental Drift,2012,6.5,49,210138,65.0
The Vow,2012,6.8,43,195283,68.0
Wrath of the Titans,2012,5.7,37,189986,57.0
This Means War,2012,6.3,31,187516,63.0
The Woman in Black,2012,6.4,62,184825,64.0
Madagascar 3: Europe's Most Wanted,2012,6.8,60,182479,68.0
Mud,2012,7.4,76,180256,74.0
Rise of the Guardians,2012,7.2,58,176082,72.0
The Master,2012,7.1,86,175468,71.0
Abraham Lincoln: Vampire Hunter,2012,5.9,42,156781,59.0
Underworld: Awakening,2012,6.3,39,155271,63.0
Man on a Ledge,2012,6.6,40,153264,66.0
Killing Them Softly,2012,6.2,64,145396,62.0
Resident Evil: Retribution,2012,5.3,39,143578,53.0
Spring Breakers,2012,5.3,63,143067,53.0
This Is 40,2012,6.2,59,142277,62.0
Magic Mike,2012,6.1,72,139031,61.0
The Campaign,2012,6.1,50,132020,61.0
Savages,2012,6.4,59,130796,64.0
The Watch,2012,5.7,36,128601,57.0
Safety Not Guaranteed,2012,6.9,72,126323,69.0
Contraband,2012,6.4,51,123235,64.0
Seeking a Friend for the End of the World,2012,6.7,59,115044,67.0
Premium Rush,2012,6.5,66,114664,65.0
The Lorax,2012,6.4,46,114199,64.0
Safe,2012,6.5,55,111444,65.0
The Lucky One,2012,6.4,39,109261,64.0
Frankenweenie,2012,6.9,74,109103,69.0
Get the Gringo,2012,6.9,60,108593,69.0
Journey 2: The Mysterious Island,2012,5.7,41,105233,57.0
ParaNorman,2012,7.0,72,103543,70.0
Ruby Sparks,2012,7.2,67,101774,72.0
That's My Boy,2012,5.5,31,101341,55.0
Amour,2012,7.9,94,100907,79.0
Anna Karenina,2012,6.6,63,100830,66.0
The Five-Year Engagement,2012,6.2,62,99356,62.0
Lockout,2012,6.0,48,99010,60.0
Gangs of Wasseypur,2012,8.2,89,96564,82.0
Here Comes the Boom,2012,6.4,40,92065,64.0
Stuck in Love,2012,7.2,49,88510,72.0
To Rome with Love,2012,6.3,54,88422,63.0
Mirror Mirror,2012,5.6,46,88238,56.0
The Raven,2012,6.4,44,85623,64.0
Frances Ha,2012,7.4,82,84150,74.0
Beasts of the Southern Wild,2012,7.2,86,83565,72.0
Rock of Ages,2012,5.9,47,78919,59.0
The Words,2012,7.0,37,78700,70.0
Red Dawn,2012,5.3,31,77867,53.0
Wanderlust,2012,5.6,53,77773,56.0
House at the End of the Street,2012,5.5,31,77598,55.0
Hitchcock,2012,6.8,55,76472,68.0
Disconnect,2012,7.5,64,76215,75.0
The Iceman,2012,6.8,60,75620,68.0
What to Expect When You're Expecting,2012,5.7,41,73478,57.0
Upside Down,2012,6.3,45,72200,63.0
The First Time,2012,6.8,55,71356,68.0
Act of Valor,2012,6.4,40,69559,64.0
Searching for Sugar Man,2012,8.2,79,68792,82.0
De rouille et d'os,2012,7.4,73,67997,74.0
Paranormal Activity 4,2012,4.6,40,67078,46.0
Trouble with the Curve,2012,6.8,58,64831,68.0
Robot & Frank,2012,7.0,67,64427,70.0
Silent Hill: Revelation,2012,4.9,16,64235,49.0
V/H/S,2012,5.8,54,63719,58.0
The Man with the Iron Fists,2012,5.4,51,62979,54.0
Red Lights,2012,6.2,36,62253,62.0
The Possession,2012,5.9,45,60715,59.0
Step Up Revolution,2012,6.4,43,56536,64.0
Stand Up Guys,2012,6.4,41,55797,64.0
Arbitrage,2012,6.6,73,52772,66.0
The Collection,2012,6.1,38,50583,61.0
Bullet to the Head,2012,5.7,48,50432,57.0
Kon-Tiki,2012,7.2,62,49539,72.0
The Pirates! In an Adventure with Scientists!,2012,6.7,73,48822,67.0
The Imposter,2012,7.5,77,48140,75.0
Cosmopolis,2012,5.1,58,48065,51.0
En kongelig affære,2012,7.5,73,48014,75.0
Think Like a Man,2012,6.5,51,47888,65.0
Bachelorette,2012,5.3,53,47460,53.0
The Odd Life of Timothy Green,2012,6.6,47,47209,66.0
Holy Motors,2012,7.0,84,46605,70.0
Stolen,2012,5.5,43,45290,55.0
Ôkami kodomo no Ame to Yuki,2012,8.1,71,45246,81.0
Gone,2012,5.9,36,44711,59.0
Byzantium,2012,6.5,66,44112,65.0
People Like Us,2012,7.0,49,43350,70.0
Piranha 3DD,2012,3.8,24,43103,38.0
A Thousand Words,2012,5.8,26,43034,58.0
The Sessions,2012,7.2,79,42943,72.0
Hope Springs,2012,6.3,65,42892,63.0
Talaash,2012,7.2,65,42820,72.0
One for the Money,2012,5.3,22,42806,53.0
On the Road,2012,6.0,56,42129,60.0
Would You Rather,2012,5.7,20,42077,57.0
The Broken Circle Breakdown,2012,7.7,70,41411,77.0
The Tall Man,2012,5.9,52,41354,59.0
Deadfall,2012,6.2,52,39639,62.0
John Dies at the End,2012,6.3,53,38806,63.0
The Act of Killing,2012,8.2,91,38484,82.0
Promised Land,2012,6.6,55,38416,66.0
Liberal Arts,2012,6.7,55,38389,67.0
Maniac,2012,6.1,47,38098,61.0
The Paperboy,2012,5.7,45,38015,57.0
The Cold Light of Day,2012,4.9,22,37825,49.0
The Guilt Trip,2012,5.8,50,37695,58.0
Hit and Run,2012,6.1,50,36390,61.0
The Devil Inside,2012,4.2,18,36276,42.0
Red Tails,2012,5.9,46,35896,59.0
[Rec]³: Génesis,2012,5.0,45,35855,50.0
Compliance,2012,6.4,68,35045,64.0
Alex Cross,2012,5.1,30,34353,51.0
The Company You Keep,2012,6.4,57,33610,64.0
Chasing Mavericks,2012,7.1,45,33126,71.0
Dans la maison,2012,7.4,72,32605,74.0
The Three Stooges,2012,5.1,56,31923,51.0
Celeste & Jesse Forever,2012,6.6,59,31866,66.0
Erased,2012,6.0,34,31450,60.0
The Lords of Salem,2012,5.2,57,30670,52.0
Playing for Keeps,2012,5.7,27,30439,57.0
To the Wonder,2012,5.8,58,29084,58.0
Sightseers,2012,6.5,69,29004,65.0
Thanks for Sharing,2012,6.4,54,28645,64.0
What Maisie Knew,2012,7.4,74,27960,74.0
The Bay,2012,5.7,65,27905,57.0
Diary of a Wimpy Kid: Dog Days,2012,6.3,54,26506,63.0
American Mary,2012,6.2,46,26118,62.0
Parental Guidance,2012,6.0,36,26085,60.0
Escape from Planet Earth,2012,5.8,35,25936,58.0
The Angels' Share,2012,7.0,66,25677,70.0
No,2012,7.4,81,25179,74.0
The Pact,2012,5.7,54,24630,57.0
The Wolf of Wall Street,2013,8.2,75,1395430,82.0
Iron Man Three,2013,7.1,62,847270,71.0
Gravity,2013,7.7,96,824638,77.0
Man of Steel,2013,7.1,55,769929,71.0
Prisoners,2013,8.1,70,706948,81.0
12 Years a Slave,2013,8.1,96,699446,81.0
Thor: The Dark World,2013,6.8,54,681886,68.0
World War Z,2013,7.0,63,665673,70.0
The Hunger Games: Catching Fire,2013,7.5,76,664374,75.0
The Hobbit: The Desolation of Smaug,2013,7.8,66,663062,78.0
Now You See Me,2013,7.2,50,659209,72.0
Frozen,2013,7.4,75,623598,74.0
Her,2013,8.0,91,611161,80.0
The Great Gatsby,2013,7.2,55,544091,72.0
Oblivion,2013,7.0,54,525515,70.0
The Conjuring,2013,7.5,68,508392,75.0
Pacific Rim,2013,6.9,65,502451,69.0
Dallas Buyers Club,2013,7.9,78,488334,79.0
Star Trek Into Darkness,2013,7.7,72,484058,77.0
Rush,2013,8.1,74,479460,81.0
American Hustle,2013,7.2,90,479288,72.0
The Wolverine,2013,6.7,61,467561,67.0
Captain Phillips,2013,7.8,82,460629,78.0
We're the Millers,2013,7.0,44,450123,70.0
Elysium,2013,6.6,61,449046,66.0
This Is the End,2013,6.6,67,413510,66.0
Despicable Me 2,2013,7.3,62,401204,73.0
Furious 6,2013,7.0,61,395198,70.0
Snowpiercer,2013,7.1,84,361351,71.0
Monsters University,2013,7.2,65,360222,72.0
About Time,2013,7.8,55,350040,78.0
The Secret Life of Walter Mitty,2013,7.3,54,318241,73.0
The Hangover Part III,2013,5.8,30,315847,58.0
Lone Survivor,2013,7.5,60,288583,75.0
The World's End,2013,6.9,81,283115,69.0
Olympus Has Fallen,2013,6.5,41,277297,65.0
Kick-Ass 2,2013,6.5,41,273748,65.0
Escape Plan,2013,6.7,49,244147,67.0
Ender's Game,2013,6.6,51,241490,66.0
Don Jon,2013,6.5,66,240540,65.0
The Lone Ranger,2013,6.4,37,235637,64.0
Warm Bodies,2013,6.8,60,232525,68.0
The Purge,2013,5.7,41,225219,57.0
White House Down,2013,6.3,52,223141,63.0
Pain & Gain,2013,6.4,45,218372,64.0
Gangster Squad,2013,6.7,40,216346,67.0
The Croods,2013,7.2,55,215679,72.0
2 Guns,2013,6.7,55,212683,67.0
Oz the Great and Powerful,2013,6.3,44,208687,63.0
A Good Day to Die Hard,2013,5.2,28,207929,52.0
Hansel & Gretel: Witch Hunters,2013,6.1,23,207557,61.0
The Internship,2013,6.3,42,205422,63.0
Blue Jasmine,2013,7.3,78,203797,73.0
After Earth,2013,4.8,33,201937,48.0
Enemy,2013,6.9,61,194898,69.0
Side Effects,2013,7.1,75,189267,71.0
Anchorman 2: The Legend Continues,2013,6.3,61,182731,63.0
G.I. Joe: Retaliation,2013,5.7,41,182233,57.0
Mama,2013,6.2,57,182211,62.0
Evil Dead,2013,6.5,57,173572,65.0
The Heat,2013,6.6,60,173327,66.0
RED 2,2013,6.6,47,172144,66.0
Insidious: Chapter 2,2013,6.5,40,172068,65.0
Riddick,2013,6.4,49,167452,64.0
Saving Mr. Banks,2013,7.5,65,162796,75.0
47 Ronin,2013,6.2,28,161188,62.0
Before Midnight,2013,7.9,94,158860,79.0
Begin Again,2013,7.4,62,157359,74.0
Grown Ups 2,2013,5.3,19,155716,53.0
Inside Llewyn Davis,2013,7.4,93,154823,74.0
The Spectacular Now,2013,7.1,82,154727,71.0
La vie d'Adèle,2013,7.7,90,153027,77.0
The Way Way Back,2013,7.4,68,151071,74.0
Locke,2013,7.1,81,150881,71.0
Under the Skin,2013,6.3,80,144955,63.0
Carrie,2013,5.8,53,141456,58.0
Jack the Giant Slayer,2013,6.2,51,139855,62.0
The Last Stand,2013,6.3,54,139712,63.0
The Book Thief,2013,7.5,53,136265,75.0
The Mortal Instruments: City of Bones,2013,5.8,33,134872,58.0
Identity Thief,2013,5.7,35,134443,57.0
R.I.P.D.,2013,5.6,25,134265,56.0
Last Vegas,2013,6.6,48,133165,66.0
Oculus,2013,6.5,61,130737,65.0
Coherence,2013,7.2,65,129126,72.0
Nymphomaniac: Vol. I,2013,6.9,64,124961,69.0
Parker,2013,6.2,42,123609,62.0
The Call,2013,6.7,51,123307,67.0
Homefront,2013,6.5,40,121302,65.0
La migliore offerta,2013,7.8,49,119955,78.0
Percy Jackson: Sea of Monsters,2013,5.7,39,119056,57.0
Nebraska,2013,7.7,86,118802,77.0
The Family,2013,6.3,42,117474,63.0
Out of the Furnace,2013,6.7,63,116923,67.0
The Butler,2013,7.2,65,115689,72.0
The Host,2013,5.8,35,115643,58.0
Trance,2013,6.9,61,114596,69.0
Only God Forgives,2013,5.7,37,113292,57.0
Safe Haven,2013,6.6,34,111486,66.0
Filth,2013,7.0,56,109921,70.0
Stoker,2013,6.8,58,109754,68.0
Movie 43,2013,4.3,18,106438,43.0
Epic,2013,6.6,52,105963,66.0
Cloudy with a Chance of Meatballs 2,2013,6.3,59,104218,63.0
The Counselor,2013,5.4,48,102004,54.0
Only Lovers Left Alive,2013,7.2,79,101547,72.0
Philomena,2013,7.6,77,100546,76.0
Jobs,2013,6.0,44,98921,60.0
Turbo,2013,6.4,58,98520,64.0
42,2013,7.5,62,95975,75.0
Bad Grandpa,2013,6.5,54,95617,65.0
Nymphomaniac: Vol. II,2013,6.6,60,93141,66.0
La grande bellezza,2013,7.7,86,91368,77.0
August: Osage County,2013,7.2,58,91209,72.0
Snitch,2013,6.4,51,88961,64.0
The Bling Ring,2013,5.6,66,88492,56.0
Beautiful Creatures,2013,6.1,52,88415,61.0
Short Term 12,2013,7.9,82,88253,79.0
Kaze tachinu,2013,7.7,83,86542,77.0
Horns,2013,6.4,46,84234,64.0
The Kings of Summer,2013,7.1,61,81972,71.0
Fruitvale Station,2013,7.5,85,81827,75.0
All Is Lost,2013,6.9,87,80953,69.0
Broken City,2013,6.1,49,80697,61.0
Delivery Man,2013,6.3,44,79946,63.0
Machete Kills,2013,5.6,41,79592,56.0
The F Word,2013,6.8,59,78323,68.0
Oldboy,2013,5.8,49,76696,58.0
Dark Skies,2013,6.3,50,76592,63.0
21 & Over,2013,5.8,34,75225,58.0
Blue Ruin,2013,7.1,78,74422,71.0
The Incredible Burt Wonderstone,2013,5.9,44,74133,59.0
Hummingbird,2013,6.2,43,72964,62.0
Scary Movie 5,2013,3.5,11,72465,35.0
Europa Report,2013,6.4,68,71842,64.0
Dead Man Down,2013,6.4,39,68411,64.0
Blackfish,2013,8.1,83,68218,81.0
Runner Runner,2013,5.6,36,64036,56.0
The Frozen Ground,2013,6.4,37,63656,64.0
Enough Said,2013,7.0,78,63459,70.0
Grudge Match,2013,6.4,35,60952,64.0
Drinking Buddies,2013,6.1,71,58918,61.0
Ida,2013,7.4,91,58117,74.0
The Lunchbox,2013,7.8,76,56717,78.0
Chennai Express,2013,6.0,45,55407,60.0
Odd Thomas,2013,6.8,45,53970,68.0
Bad Words,2013,6.6,57,51713,66.0
The Double,2013,6.5,68,50878,65.0
The East,2013,6.8,68,50832,68.0
The Big Wedding,2013,5.6,28,50161,56.0
Le passé,2013,7.7,85,49232,77.0
Joe,2013,6.8,74,48973,68.0
Labor Day,2013,6.9,52,47911,69.0
The Zero Theorem,2013,6.0,50,47891,60.0
A Haunted House,2013,5.0,20,47285,50.0
Kaguya-hime no monogatari,2013,8.0,89,47196,80.0
Dhoom:3,2013,5.3,61,46723,53.0
Starred Up,2013,7.3,81,46699,73.0
Mandariinid,2013,8.1,73,46545,81.0
Planes,2013,5.7,39,45752,57.0
The Colony,2013,5.3,28,45671,53.0
The Green Inferno,2013,5.3,38,45174,53.0
The Smurfs 2,2013,5.3,34,42607,53.0
The Fifth Estate,2013,6.2,49,41423,62.0
Lovelace,2013,6.2,51,41061,62.0
Hundraåringen som klev ut genom fönstret och försvann,2013,7.0,58,40798,70.0
V/H/S/2,2013,6.0,49,40742,60.0
The Railway Man,2013,7.1,59,40659,71.0
Curse of Chucky,2013,5.6,58,40279,56.0
The To Do List,2013,5.8,61,39853,58.0
Man of Tai Chi,2013,6.0,52,39426,60.0
Kill Your Darlings,2013,6.4,65,38802,64.0
Paranoia,2013,5.6,32,37897,56.0
Killing Season,2013,5.4,25,37664,54.0
I Give It a Year,2013,5.7,50,37660,57.0
The Last Days on Mars,2013,5.5,46,37428,55.0
Kai po che!,2013,7.8,40,37320,78.0
Jeune et jolie,2013,6.7,63,35594,67.0
Admission,2013,5.7,48,35326,57.0
Adoration,2013,6.2,37,34938,62.0
Yi dai zong shi,2013,6.5,73,34746,65.0
Upstream Color,2013,6.5,81,33755,65.0
Welcome to the Punch,2013,6.1,49,33619,61.0
The Immigrant,2013,6.6,77,32220,66.0
In a World...,2013,6.7,79,32182,67.0
Alan Partridge: Alpha Papa,2013,6.9,66,31945,69.0
The Machine,2013,6.0,52,31383,60.0
No se aceptan devoluciones,2013,7.5,55,31254,75.0
Interstellar,2014,8.6,74,1807065,86.0
Guardians of the Galaxy,2014,8.0,76,1172161,80.0
Gone Girl,2014,8.1,79,977526,81.0
Whiplash,2014,8.5,89,850931,85.0
Captain America: The Winter Soldier,2014,7.8,70,842404,78.0
The Grand Budapest Hotel,2014,8.1,88,804662,81.0
The Imitation Game,2014,8.0,71,767017,80.0
X-Men: Days of Future Past,2014,7.9,75,712118,79.0
Edge of Tomorrow,2014,7.9,71,676576,79.0
Kingsman: The Secret Service,2014,7.7,60,666261,77.0
Birdman or (The Unexpected Virtue of Ignorance),2014,7.7,87,629272,77.0
John Wick,2014,7.4,68,628630,74.0
Nightcrawler,2014,7.8,76,544844,78.0
Ex Machina,2014,7.7,78,544359,77.0
The Hobbit: The Battle of the Five Armies,2014,7.4,59,532682,74.0
The Amazing Spider-Man 2,2014,6.6,53,497704,66.0
Lucy,2014,6.4,61,496687,64.0
Fury,2014,7.5,64,489734,75.0
American Sniper,2014,7.3,72,487932,73.0
The Maze Runner,2014,6.8,57,467133,68.0
Big Hero 6,2014,7.8,74,461098,78.0
Divergent,2014,6.6,48,460846,66.0
The Hunger Games: Mockingjay - Part 1,2014,6.6,64,455781,66.0
The Theory of Everything,2014,7.7,71,451144,77.0
Dawn of the Planet of the Apes,2014,7.6,79,442234,76.0
Godzilla,2014,6.4,62,414698,64.0
22 Jump Street,2014,7.0,71,377904,70.0
The Fault in Our Stars,2014,7.7,69,377371,77.0
Maleficent,2014,6.9,56,376322,69.0
The Equalizer,2014,7.2,57,371817,72.0
The Lego Movie,2014,7.7,83,355747,77.0
Boyhood,2014,7.9,100,354897,79.0
How to Train Your Dragon 2,2014,7.8,77,336078,78.0
The Interview,2014,6.5,52,332416,65.0
Transformers: Age of Extinction,2014,5.6,32,314796,56.0
Neighbors,2014,6.3,68,311729,63.0
300: Rise of an Empire,2014,6.2,48,302282,62.0
Predestination,2014,7.4,69,283633,74.0
Non-Stop,2014,6.9,56,265514,69.0
Noah,2014,5.8,68,255920,58.0
It Follows,2014,6.8,83,243506,68.0
Transcendence,2014,6.2,42,230092,62.0
RoboCop,2014,6.2,52,229312,62.0
The Babadook,2014,6.8,86,225795,68.0
Chef,2014,7.3,68,216574,73.0
Teenage Mutant Ninja Turtles,2014,5.8,31,211566,58.0
Relatos salvajes,2014,8.1,77,198656,81.0
Dracula Untold,2014,6.2,40,196647,62.0
Taken 3,2014,6.0,26,193644,60.0
The Judge,2014,7.4,48,191775,74.0
A Million Ways to Die in the West,2014,6.1,44,190006,61.0
What We Do in the Shadows,2014,7.6,76,184863,76.0
The Expendables 3,2014,6.1,35,183458,61.0
Horrible Bosses 2,2014,6.3,40,173817,63.0
Need for Speed,2014,6.4,39,171768,64.0
Exodus: Gods and Kings,2014,6.0,52,169657,60.0
Unbroken,2014,7.2,59,168894,72.0
Sin City: A Dame to Kill For,2014,6.5,46,162855,65.0
Annabelle,2014,5.4,37,160533,54.0
Hercules,2014,6.0,47,157036,60.0
The Purge: Anarchy,2014,6.4,50,153308,64.0
The Drop,2014,7.0,69,152900,70.0
Foxcatcher,2014,7.0,81,143458,70.0
Into the Woods,2014,5.9,69,142048,59.0
The Other Woman,2014,6.0,39,141985,60.0
"Love, Rosie",2014,7.1,44,141636,71.0
Dumb and Dumber To,2014,5.6,36,138325,56.0
Still Alice,2014,7.5,72,135877,75.0
Let's Be Cops,2014,6.4,30,135072,64.0
Blended,2014,6.5,31,133477,65.0
Jack Ryan: Shadow Recruit,2014,6.2,57,132744,62.0
The Monuments Men,2014,6.1,52,132672,61.0
Wild,2014,7.1,74,130001,71.0
I Origins,2014,7.3,57,126235,73.0
Serbuan maut 2: Berandal,2014,7.9,71,123917,79.0
If I Stay,2014,6.7,46,123789,67.0
Night at the Museum: Secret of the Tomb,2014,6.2,47,123353,62.0
A Walk Among the Tombstones,2014,6.5,57,122307,65.0
The Giver,2014,6.4,47,120130,64.0
Paddington,2014,7.3,77,117415,73.0
Ride Along,2014,6.1,41,115132,61.0
Sex Tape,2014,5.1,36,113279,51.0
Pompeii,2014,5.5,39,112185,55.0
Inherent Vice,2014,6.6,81,105238,66.0
St. Vincent,2014,7.2,64,104218,72.0
That Awkward Moment,2014,6.1,36,103923,61.0
The Guest,2014,6.7,76,101429,67.0
"As Above, So Below",2014,6.2,39,95631,62.0
3 Days to Kill,2014,6.2,40,94243,62.0
Big Eyes,2014,7.0,62,93946,70.0
Selma,2014,7.5,79,92006,75.0
Penguins of Madagascar,2014,6.6,53,91838,66.0
Rio 2,2014,6.3,49,91349,63.0
The Hundred-Foot Journey,2014,7.3,55,83678,73.0
"I, Frankenstein",2014,5.1,30,81600,51.0
This Is Where I Leave You,2014,6.6,44,80881,66.0
Before I Go to Sleep,2014,6.3,41,79693,63.0
Frank,2014,6.9,75,79548,69.0
Deliver Us from Evil,2014,6.2,40,78648,62.0
Seventh Son,2014,5.5,30,77680,55.0
A Most Wanted Man,2014,6.8,73,76894,68.0
Unfriended,2014,5.6,59,76511,56.0
The Water Diviner,2014,7.0,50,75668,70.0
A Most Violent Year,2014,7.0,79,73217,70.0
The Best of Me,2014,6.6,29,72572,66.0
The Book of Life,2014,7.2,67,72173,72.0
Mr. Peabody & Sherman,2014,6.8,59,71175,68.0
Two Night Stand,2014,6.3,45,71024,63.0
The Gambler,2014,6.0,55,70722,60.0
Into the Storm,2014,5.8,44,68943,58.0
Magic in the Moonlight,2014,6.5,54,68324,65.0
The November Man,2014,6.2,38,68315,62.0
The Signal,2014,6.0,54,66391,60.0
Sabotage,2014,5.7,41,64030,57.0
Draft Day,2014,6.8,54,61176,68.0
Calvary,2014,7.4,77,59951,74.0
Before We Go,2014,6.8,31,58884,68.0
Song of the Sea,2014,8.0,85,58797,80.0
The Voices,2014,6.3,58,58572,63.0
The Boxtrolls,2014,6.8,61,58355,68.0
Pride,2014,7.8,79,57790,78.0
Mommy,2014,8.0,74,57443,80.0
Autómata,2014,6.0,37,57293,60.0
Eliza Graves,2014,6.8,52,57234,68.0
The Loft,2014,6.3,24,57042,63.0
'71,2014,7.2,83,56828,72.0
The Cobbler,2014,5.8,23,56775,58.0
Creep,2014,6.3,74,56766,63.0
Turist,2014,7.2,87,56575,72.0
Citizenfour,2014,8.0,88,55943,80.0
Vampire Academy,2014,5.4,31,55165,54.0
Winter's Tale,2014,6.1,31,54964,61.0
Walk of Shame,2014,6.0,25,54963,60.0
Tusk,2014,5.3,55,54948,53.0
"Ich seh, Ich seh",2014,6.7,81,54904,67.0
The Legend of Hercules,2014,4.2,22,54830,42.0
Leviafan,2014,7.6,92,53900,76.0
Ouija,2014,4.5,38,53478,45.0
Veronica Mars,2014,6.7,62,52972,67.0
Tammy,2014,4.9,39,52258,49.0
Kis Uykusu,2014,8.1,88,51943,81.0
While We're Young,2014,6.3,77,50866,63.0
The Rover,2014,6.4,64,48794,64.0
Hector and the Search for Happiness,2014,6.9,29,48712,69.0
"Deux jours, une nuit",2014,7.3,89,48654,73.0
Kill the Messenger,2014,6.9,60,47141,69.0
Million Dollar Arm,2014,7.0,56,46314,70.0
Time Lapse,2014,6.5,50,46172,65.0
Pawn Sacrifice,2014,7.0,65,46043,70.0
Endless Love,2014,6.2,30,45508,62.0
"Alexander and the Terrible, Horrible, No Good, Very Bad Day",2014,6.2,54,44625,62.0
The Inbetweeners 2,2014,6.4,55,44459,64.0
Laggies,2014,6.4,63,44407,64.0
Paranormal Activity: The Marked Ones,2014,5.0,42,43296,50.0
God's Not Dead,2014,4.6,16,43041,46.0
The Skeleton Twins,2014,6.8,74,42774,68.0
Brick Mansions,2014,5.6,40,42688,56.0
Camp X-Ray,2014,6.9,54,41719,69.0
Maps to the Stars,2014,6.2,67,41276,62.0
Omoide no Marnie,2014,7.7,72,41120,77.0
The One I Love,2014,7.0,66,40363,70.0
Left Behind,2014,3.1,12,40182,31.0
Love & Mercy,2014,7.4,80,40023,74.0
The Salvation,2014,6.7,64,39962,67.0
Black Sea,2014,6.4,62,38334,64.0
Wish I Was Here,2014,6.6,43,38301,66.0
Annie,2014,5.3,33,38283,53.0
Cake,2014,6.4,49,37363,64.0
13 Sins,2014,6.3,44,36899,63.0
Cold in July,2014,6.7,73,36157,67.0
A Girl Walks Home Alone at Night,2014,6.9,81,35982,69.0
Housebound,2014,6.7,76,35298,67.0
Jersey Boys,2014,6.8,54,35147,68.0
Muppets Most Wanted,2014,6.4,61,34977,64.0
Step Up All In,2014,5.9,45,34715,59.0
99 Homes,2014,7.1,76,34338,71.0
The Captive,2014,5.9,36,33884,59.0
Big Game,2014,5.4,53,33544,54.0
A Long Way Down,2014,6.3,34,33525,63.0
The Homesman,2014,6.6,68,33513,66.0
"Men, Women & Children",2014,6.6,38,32513,66.0
The Two Faces of January,2014,6.2,66,32172,62.0
Clouds of Sils Maria,2014,6.7,79,29976,67.0
Mad Max: Fury Road,2015,8.1,90,997152,81.0
Star Wars: Episode VII - The Force Awakens,2015,7.8,80,928084,78.0
Avengers: Age of Ultron,2015,7.3,66,859832,73.0
The Martian,2015,8.0,80,849995,80.0
The Revenant,2015,8.0,76,800334,80.0
Inside Out,2015,8.2,94,710058,82.0
Ant-Man,2015,7.3,64,664040,73.0
Jurassic World,2015,6.9,59,642291,69.0
The Hateful Eight,2015,7.8,68,597584,78.0
Spotlight,2015,8.1,93,469255,81.0
Spectre,2015,6.8,60,440733,68.0
The Big Short,2015,7.8,81,430441,78.0
Sicario,2015,7.6,82,429229,76.0
Room,2015,8.1,86,420161,81.0
Fast & Furious 7,2015,7.1,67,390493,71.0
Mission: Impossible - Rogue Nation,2015,7.4,75,373708,74.0
The Hunger Games: Mockingjay - Part 2,2015,6.5,65,327284,65.0
Fifty Shades of Grey,2015,4.1,46,320675,41.0
Bridge of Spies,2015,7.6,81,311687,76.0
The Man from U.N.C.L.E.,2015,7.2,56,308687,72.0
Terminator Genisys,2015,6.3,38,278809,63.0
Creed,2015,7.6,82,274502,76.0
The VVitch: A New-England Folktale,2015,6.9,83,262553,69.0
The Lobster,2015,7.1,82,256476,71.0
The Intern,2015,7.1,51,252911,71.0
Chappie,2015,6.8,41,252705,68.0
Maze Runner: The Scorch Trials,2015,6.3,43,251492,63.0
Focus,2015,6.6,56,249151,66.0
Spy,2015,7.0,75,246044,70.0
Minions,2015,6.4,56,239746,64.0
Insurgent,2015,6.2,42,238895,62.0
San Andreas,2015,6.1,43,238466,61.0
Southpaw,2015,7.3,57,237944,73.0
Everest,2015,7.1,64,218597,71.0
Ted 2,2015,6.3,48,210829,63.0
Straight Outta Compton,2015,7.8,72,202851,78.0
Jupiter Ascending,2015,5.3,40,189185,53.0
The Danish Girl,2015,7.1,66,186680,71.0
Legend,2015,6.9,55,183623,69.0
Tomorrowland,2015,6.4,60,183321,64.0
The Age of Adaline,2015,7.2,51,182637,72.0
Black Mass,2015,6.9,68,182256,69.0
Cinderella,2015,6.9,67,178072,69.0
Steve Jobs,2015,7.2,82,170060,72.0
Fantastic Four,2015,4.3,27,167998,43.0
The Gift,2015,7.0,77,158897,70.0
Pitch Perfect 2,2015,6.4,63,158237,64.0
Crimson Peak,2015,6.5,66,149273,65.0
Pixels,2015,5.6,27,145591,56.0
Brooklyn,2015,7.5,88,142977,75.0
In the Heart of the Sea,2015,6.9,47,139935,69.0
Trainwreck,2015,6.2,75,137782,62.0
Joy,2015,6.6,56,137720,66.0
Get Hard,2015,6.0,34,137713,60.0
The Visit,2015,6.2,55,135136,62.0
Me and Earl and the Dying Girl,2015,7.7,74,132471,77.0
Carol,2015,7.2,94,130213,72.0
The Walk,2015,7.3,70,129211,73.0
Hotel Transylvania 2,2015,6.6,44,128656,66.0
Green Room,2015,7.0,79,125234,70.0
Daddy's Home,2015,6.1,42,120611,61.0
Burnt,2015,6.6,42,119559,66.0
The Good Dinosaur,2015,6.7,66,116570,67.0
Vacation,2015,6.1,34,113012,61.0
Run All Night,2015,6.6,59,110054,66.0
The Invitation,2015,6.6,74,110002,66.0
Insidious: Chapter 3,2015,6.1,52,105920,61.0
The Last Witch Hunter,2015,5.9,34,104644,59.0
Paper Towns,2015,6.3,56,103571,63.0
Home,2015,6.6,55,103323,66.0
Bone Tomahawk,2015,7.1,72,102827,71.0
Demolition,2015,7.0,49,100738,70.0
Self/less,2015,6.5,34,99962,65.0
Hardcore Henry,2015,6.7,51,96318,67.0
Concussion,2015,7.1,55,95703,71.0
Knock Knock,2015,4.9,53,95682,49.0
The Duff,2015,6.4,56,95318,64.0
Eddie the Eagle,2015,7.3,54,94047,73.0
American Ultra,2015,6.1,50,92244,61.0
Hitman: Agent 47,2015,5.7,28,91716,57.0
Goosebumps,2015,6.3,60,89687,63.0
Eye in the Sky,2015,7.3,73,86956,73.0
No Escape,2015,6.7,38,86525,67.0
Dope,2015,7.2,72,85879,72.0
The Longest Ride,2015,7.0,33,83715,70.0
Beasts of No Nation,2015,7.7,79,81868,77.0
Trumbo,2015,7.4,60,81861,74.0
Project Almanac,2015,6.3,47,80777,63.0
Entourage,2015,6.5,38,80448,65.0
Youth,2015,7.3,64,79053,73.0
The Wedding Ringer,2015,6.6,35,76665,66.0
The Night Before,2015,6.3,58,74879,63.0
Krampus,2015,6.2,49,73577,62.0
Mortdecai,2015,5.5,27,73572,55.0
Anomalisa,2015,7.2,88,72285,72.0
Child 44,2015,6.4,41,71731,64.0
True Story,2015,6.3,50,69304,63.0
Aloha,2015,5.4,40,67393,54.0
Sisters,2015,6.0,58,67115,60.0
Mr. Holmes,2015,6.8,67,65069,68.0
Pan,2015,5.7,36,64675,57.0
Irrational Man,2015,6.6,53,63650,66.0
Point Break,2015,5.3,34,63357,53.0
Solace,2015,6.4,36,63077,64.0
Le Petit Prince,2015,7.7,70,62575,77.0
The Dressmaker,2015,7.0,47,61297,70.0
Blackhat,2015,5.4,51,60469,54.0
Woman in Gold,2015,7.3,51,59583,73.0
Love,2015,6.1,51,59491,61.0
Victoria,2015,7.6,77,59117,76.0
Poltergeist,2015,4.9,47,58733,49.0
The Man Who Knew Infinity,2015,7.2,56,57900,72.0
Victor Frankenstein,2015,5.9,36,57361,59.0
Macbeth,2015,6.6,71,57223,66.0
Mr. Right,2015,6.3,52,56830,63.0
Magic Mike XXL,2015,5.6,60,56689,56.0
Wild Card,2015,5.6,40,56358,56.0
Masterminds,2016,5.8,47,56130,58.0
The SpongeBob Movie: Sponge Out of Water,2015,6.0,62,56080,60.0
En man som heter Ove,2015,7.7,70,56040,77.0
Yip Man 3,2015,7.0,57,56000,70.0
Sinister 2,2015,5.3,32,55883,53.0
Colonia,2015,7.0,33,54181,70.0
Man Up,2015,6.8,69,53648,68.0
Amy,2015,7.8,85,52489,78.0
Hot Pursuit,2015,5.1,31,51785,51.0
Scouts Guide to the Zombie Apocalypse,2015,6.3,32,51550,63.0
Far from the Madding Crowd,2015,7.1,71,50052,71.0
The Ridiculous 6,2015,4.8,18,49886,48.0
Saul fia,2015,7.4,91,49161,74.0
Secret in Their Eyes,2015,6.3,45,48845,63.0
The Final Girls,2015,6.5,59,47569,65.0
The Peanuts Movie,2015,7.0,67,46541,70.0
Slow West,2015,6.9,72,45964,69.0
Dark Places,2015,6.2,39,45718,62.0
Maggie,2015,5.6,52,44714,56.0
Sleeping with Other People,2015,6.5,64,44389,65.0
The Lazarus Effect,2015,5.2,31,44152,52.0
Last Knights,2015,6.1,27,43648,61.0
Absolutely Anything,2015,5.9,31,43329,59.0
The Stanford Prison Experiment,2015,6.8,67,43201,68.0
High-Rise,2015,5.5,65,42975,55.0
The Boy Next Door,2015,4.7,30,42614,47.0
The Transporter Refueled,2015,5.2,32,42546,52.0
Suffragette,2015,6.9,64,42527,69.0
Under sandet,2015,7.8,75,41709,78.0
The Gunman,2015,5.8,39,41571,58.0
Shaun the Sheep Movie,2015,7.3,81,41075,73.0
Regression,2015,5.6,32,40413,56.0
Hot Tub Time Machine 2,2015,5.0,29,39542,50.0
Going Clear: Scientology & the Prison of Belief,2015,8.0,80,39462,80.0
"McFarland, USA",2015,7.4,60,39336,74.0
We Are Your Friends,2015,6.1,46,39013,61.0
Mustang,2015,7.6,83,38978,76.0
Bølgen,2015,6.6,68,38853,66.0
The 33,2015,6.8,55,38350,68.0
Paul Blart: Mall Cop 2,2015,4.4,13,38104,44.0
The Second Best Exotic Marigold Hotel,2015,6.5,51,34165,65.0
Survivor,2015,5.6,28,34149,56.0
Unfinished Business,2015,5.4,32,33845,54.0
Cop Car,2015,6.3,66,33816,63.0
45 Years,2015,7.1,94,33449,71.0
Le tout nouveau testament,2015,7.1,70,33096,71.0
Tangerine,2015,7.1,86,32705,71.0
The Diary of a Teenage Girl,2015,6.8,87,32166,68.0
Danny Collins,2015,7.0,58,31946,70.0
Z for Zachariah,2015,6.0,68,31258,60.0
The End of the Tour,2015,7.2,82,31018,72.0
Equals,2015,6.0,43,31015,60.0
Heist,2015,6.1,37,30769,61.0
A Bigger Splash,2015,6.4,74,30589,64.0
Cobain: Montage of Heck,2015,7.5,83,30235,75.0
The Lady in the Van,2015,6.7,70,29644,67.0
Il racconto dei racconti - Tale of Tales,2015,6.4,72,28998,64.0
Paranormal Activity: The Ghost Dimension,2015,4.6,30,28486,46.0
Turbo Kid,2015,6.7,60,28384,67.0
Knight of Cups,2015,5.6,53,27547,56.0
Mistress America,2015,6.7,75,27359,67.0
A Walk in the Woods,2015,6.3,51,27353,63.0
Max,2015,6.6,47,27126,66.0
Deadpool,2016,8.0,65,1031705,80.0
Captain America: Civil War,2016,7.8,75,783514,78.0
Doctor Strange,2016,7.5,72,738963,75.0
Batman v Superman: Dawn of Justice,2016,6.4,44,698551,64.0
Arrival,2016,7.9,81,691126,79.0
Suicide Squad,2016,5.9,40,684558,59.0
Rogue One,2016,7.8,65,633215,78.0
La La Land,2016,8.0,94,584458,80.0
Hacksaw Ridge,2016,8.1,71,522765,81.0
Zootopia,2016,8.0,78,497194,80.0
Split,2016,7.3,62,496316,73.0
Fantastic Beasts and Where to Find Them,2016,7.2,66,475134,72.0
X-Men: Apocalypse,2016,6.9,52,435429,69.0
Passengers,2016,7.0,41,405384,70.0
Moana,2016,7.6,81,335123,76.0
10 Cloverfield Lane,2016,7.2,76,328239,72.0
The Nice Guys,2016,7.3,70,328030,73.0
Moonlight,2016,7.4,99,308124,74.0
The Accountant,2016,7.3,51,297045,73.0
Now You See Me 2,2016,6.4,46,290473,64.0
Manchester by the Sea,2016,7.8,96,282277,78.0
Nocturnal Animals,2016,7.5,67,279750,75.0
The Jungle Book,2016,7.4,77,278011,74.0
Finding Dory,2016,7.3,77,276501,73.0
Don't Breathe,2016,7.1,71,275493,71.0
Sully,2016,7.4,74,273262,74.0
The Conjuring 2,2016,7.3,65,271465,73.0
Kimi no Na wa.,2016,8.4,79,266513,84.0
Warcraft,2016,6.7,32,264661,67.0
Me Before You,2016,7.4,51,253533,74.0
Star Trek Beyond,2016,7.0,68,246980,70.0
Lion,2016,8.0,69,236786,80.0
Ghostbusters,2016,6.9,60,232629,69.0
Hell or High Water,2016,7.6,88,231501,76.0
Hidden Figures,2016,7.8,74,230193,78.0
Jason Bourne,2016,6.6,58,228262,66.0
Busanhaeng,2016,7.6,73,220734,76.0
War Dogs,2016,7.1,57,220372,71.0
Captain Fantastic,2016,7.8,72,219487,78.0
The Magnificent Seven,2016,6.8,54,212780,68.0
The Secret Life of Pets,2016,6.5,61,203107,65.0
Assassin's Creed,2016,5.6,36,199853,56.0
Sausage Party,2016,6.1,66,195410,61.0
Central Intelligence,2016,6.3,52,191470,63.0
The Girl on the Train,2016,6.5,48,187985,65.0
Independence Day: Resurgence,2016,5.2,32,180432,52.0
The Legend of Tarzan,2016,6.2,44,177815,62.0
Inferno,2016,6.2,42,176926,62.0
The Promise,2016,6.0,49,176470,60.0
Miss Peregrine's Home for Peculiar Children,2016,6.7,57,173767,67.0
Sing,2016,7.1,59,170731,71.0
Deepwater Horizon,2016,7.1,68,169851,71.0
Jack Reacher: Never Go Back,2016,6.1,47,160010,61.0
Kung Fu Panda 3,2016,7.1,66,159994,71.0
London Has Fallen,2016,5.9,28,159548,59.0
Allied,2016,7.1,60,158144,71.0
Snowden,2016,7.3,58,152927,73.0
The Founder,2016,7.2,66,151750,72.0
Ah-ga-ssi,2016,8.1,84,147198,81.0
13 Hours,2016,7.3,48,143901,73.0
The Great Wall,2016,5.9,42,136958,59.0
Hush,2016,6.6,67,135746,66.0
"Hail, Caesar!",2016,6.3,72,135646,63.0
The Shallows,2016,6.3,59,134168,63.0
Hunt for the Wilderpeople,2016,7.8,81,131177,78.0
Nerve,2016,6.5,58,131158,65.0
Lights Out,2016,6.3,58,130838,63.0
Kubo and the Two Strings,2016,7.7,84,129759,77.0
The Edge of Seventeen,2016,7.3,77,127308,73.0
Bad Moms,2016,6.2,60,126227,62.0
Dirty Grandpa,2016,5.9,21,124796,59.0
Neighbors 2: Sorority Rising,2016,5.7,58,123820,57.0
Allegiant,2016,5.7,33,123220,57.0
Swiss Army Man,2016,6.9,64,122458,69.0
The Autopsy of Jane Doe,2016,6.8,65,119546,68.0
Gods of Egypt,2016,5.4,25,118070,54.0
Why Him?,2016,6.2,39,114414,62.0
Silence,2016,7.1,79,113575,71.0
The Huntsman: Winter's War,2016,6.1,35,111077,61.0
The 5th Wave,2016,5.2,33,110389,52.0
Alice Through the Looking Glass,2016,6.2,34,109835,62.0
Fences,2016,7.2,79,109107,72.0
Patriots Day,2016,7.3,69,103760,73.0
Grimsby,2016,6.2,44,103536,62.0
The Purge: Election Year,2016,6.0,55,102356,60.0
Collateral Beauty,2016,6.7,23,100886,67.0
Money Monster,2016,6.5,55,100822,65.0
A Cure for Wellness,2016,6.4,47,99778,64.0
The Neon Demon,2016,6.1,51,96412,61.0
Resident Evil: The Final Chapter,2016,5.5,49,94922,55.0
Sing Street,2016,7.9,79,94205,79.0
Teenage Mutant Ninja Turtles: Out of the Shadows,2016,5.9,40,93765,59.0
Angry Birds,2016,6.3,43,93741,63.0
The Boy,2016,6.0,42,93489,60.0
The Lost City of Z,2016,6.6,78,92073,66.0
Mike and Dave Need Wedding Dates,2016,6.0,51,90021,60.0
How to Be Single,2016,6.0,51,89154,60.0
A Monster Calls,2016,7.4,76,88971,74.0
The BFG,2016,6.3,66,86688,63.0
Mechanic: Resurrection,2016,5.7,38,85750,57.0
Trolls,2016,6.4,55,82493,64.0
Paterson,2016,7.3,90,82287,73.0
Koe no katachi,2016,8.1,78,81818,81.0
Midnight Special,2016,6.6,76,81219,66.0
Office Christmas Party,2016,5.8,42,80447,58.0
Jackie,2016,6.7,81,80191,67.0
Grave,2016,7.0,81,78666,70.0
Café Society,2016,6.6,64,77662,66.0
Underworld: Blood Wars,2016,5.7,23,76645,57.0
Bridget Jones's Baby,2016,6.5,59,76420,65.0
Miss Sloane,2016,7.5,64,75740,75.0
The Infiltrator,2016,7.0,66,74519,70.0
The Fundamentals of Caring,2016,7.3,55,73469,73.0
Triple 9,2016,6.3,52,72846,63.0
Zoolander 2,2016,4.7,34,69834,47.0
Gokseong,2016,7.4,81,69368,74.0
Ice Age: Collision Course,2016,5.6,34,67495,56.0
Elle,2016,7.1,89,67462,71.0
The Finest Hours,2016,6.7,58,67322,67.0
Criminal,2016,6.3,36,66922,63.0
Ouija: Origin of Evil,2016,6.2,65,66016,62.0
Colossal,2016,6.2,70,65578,62.0
Blood Father,2016,6.4,66,64948,64.0
Gold,2016,6.7,49,64700,67.0
Keeping Up with the Joneses,2016,5.9,34,63668,59.0
Storks,2016,6.8,56,62820,68.0
Popstar: Never Stop Never Stopping,2016,6.7,68,62528,67.0
Forushande,2016,7.7,85,60866,77.0
"I, Daniel Blake",2016,7.8,78,60444,78.0
The Girl with All the Gifts,2016,6.6,67,60259,66.0
Ride Along 2,2016,5.9,32,59366,59.0
Pete's Dragon,2016,6.7,71,58852,67.0
Free State of Jones,2016,6.9,53,58554,69.0
Live by Night,2016,6.4,49,57599,64.0
The Light Between Oceans,2016,7.2,60,57269,72.0
Pride and Prejudice and Zombies,2016,5.8,45,57110,58.0
Florence Foster Jenkins,2016,6.8,71,56605,68.0
Everybody Wants Some!!,2016,6.9,83,55788,69.0
Whiskey Tango Foxtrot,2016,6.6,57,53119,66.0
The Belko Experiment,2016,6.1,44,51970,61.0
Keanu,2016,6.2,63,49426,62.0
Anthropoid,2016,7.2,59,49295,72.0
Toni Erdmann,2016,7.3,93,48758,73.0
Before I Wake,2016,6.2,68,47508,62.0
Free Fire,2016,6.3,63,47306,63.0
The Do-Over,2016,5.7,22,47113,57.0
The Boss,2016,5.4,40,46717,54.0
Blair Witch,2016,5.0,47,46661,50.0
Imperium,2016,6.5,68,46445,65.0
20th Century Women,2016,7.3,83,45894,73.0
A Hologram for the King,2016,6.1,58,45059,61.0
Ben-Hur,2016,5.7,38,44620,57.0
Bastille Day,2016,6.3,48,44614,63.0
Morgan,2016,5.8,48,43598,58.0
American Honey,2016,7.0,80,43408,70.0
The Forest,2016,4.8,34,43220,48.0
Brimstone,2016,7.0,45,41776,70.0
The Choice,2016,6.5,26,41134,65.0
Personal Shopper,2016,6.1,77,40753,61.0
Better Watch Out,2016,6.5,67,39016,65.0
Race,2016,7.1,56,38087,71.0
Mother's Day,2016,5.6,18,37504,56.0
The Void,2016,5.9,62,36923,59.0
Meet the Blacks,2016,4.8,26,36771,48.0
13th,2016,8.2,83,35765,82.0
La tortue rouge,2016,7.5,86,35472,75.0
Loving,2016,7.0,79,34741,70.0
Julieta,2016,7.1,73,32148,71.0
The Bad Batch,2016,5.2,62,32070,52.0
A Street Cat Named Bob,2016,7.3,54,31591,73.0
My Big Fat Greek Wedding 2,2016,6.0,37,31445,60.0
Logan,2017,8.1,77,759061,81.0
Thor: Ragnarok,2017,7.9,74,747386,79.0
Guardians of the Galaxy Vol. 2,2017,7.6,67,677355,76.0
Wonder Woman,2017,7.4,76,656417,74.0
Dunkirk,2017,7.8,94,654674,78.0
Spider-Man: Homecoming,2017,7.4,73,653266,74.0
Star Wars: Episode VIII - The Last Jedi,2017,6.9,84,629836,69.0
Get Out,2017,7.7,85,604459,77.0
Blade Runner 2049,2017,8.0,81,567447,80.0
It,2017,7.3,69,546395,73.0
Baby Driver,2017,7.6,86,535118,76.0
"Three Billboards Outside Ebbing, Missouri",2017,8.1,88,504840,81.0
Coco,2017,8.4,81,503191,84.0
Justice League,2017,6.1,45,452485,61.0
John Wick: Chapter 2,2017,7.4,75,430530,74.0
The Shape of Water,2017,7.3,87,419527,73.0
Jumanji: Welcome to the Jungle,2017,6.9,58,379992,69.0
Kingsman: The Golden Circle,2017,6.7,44,328029,67.0
Kong: Skull Island,2017,6.6,62,319738,66.0
Pirates of the Caribbean: Dead Men Tell No Tales,2017,6.5,39,311831,65.0
Beauty and the Beast,2017,7.1,65,309267,71.0
Lady Bird,2017,7.4,93,290423,74.0
Alien: Covenant,2017,6.4,65,282275,64.0
The Greatest Showman,2017,7.5,48,281553,75.0
Call Me by Your Name,2017,7.8,93,271916,78.0
Murder on the Orient Express,2017,6.5,52,258248,65.0
War for the Planet of the Apes,2017,7.4,82,257733,74.0
Wind River,2017,7.7,73,251911,77.0
The Fate of the Furious,2017,6.6,56,232621,66.0
Life,2017,6.6,54,231980,66.0
The Hitman's Bodyguard,2017,6.9,47,231654,69.0
Mother!,2017,6.6,75,226786,66.0
King Arthur: Legend of the Sword,2017,6.7,41,217705,67.0
"I, Tonya",2017,7.5,77,216299,75.0
Ghost in the Shell,2017,6.3,52,215723,63.0
Darkest Hour,2017,7.4,75,203033,74.0
Atomic Blonde,2017,6.7,63,194754,67.0
The Mummy,2017,5.4,34,191010,54.0
Bright,2017,6.3,29,189993,63.0
Baywatch,2017,5.5,37,187231,55.0
American Made,2017,7.1,65,185029,71.0
Valerian and the City of a Thousand Planets,2017,6.4,51,182356,64.0
Molly's Game,2017,7.4,71,172709,74.0
Wonder,2017,7.9,66,164933,79.0
The Killing of a Sacred Deer,2017,7.0,73,155187,70.0
The Disaster Artist,2017,7.3,76,154642,73.0
The Lego Batman Movie,2017,7.3,75,152503,73.0
Transformers: The Last Knight,2017,5.2,27,152355,52.0
The Post,2017,7.2,83,151737,72.0
Logan Lucky,2017,7.0,78,150673,70.0
Happy Death Day,2017,6.6,58,143240,66.0
The Dark Tower,2017,5.6,34,139428,56.0
Despicable Me 3,2017,6.2,49,136505,62.0
The Big Sick,2017,7.5,86,136019,75.0
Annabelle: Creation,2017,6.5,62,135567,65.0
Phantom Thread,2017,7.4,90,133167,74.0
The Boss Baby,2017,6.3,50,127791,63.0
T2 Trainspotting,2017,7.2,67,124944,72.0
Good Time,2017,7.3,80,124447,73.0
What Happened to Monday,2017,6.8,47,123778,68.0
Okja,2017,7.3,75,122139,73.0
You Were Never Really Here,2017,6.7,84,119949,67.0
Gifted,2017,7.6,60,117496,76.0
The Foreigner,2017,7.0,55,115471,70.0
The Florida Project,2017,7.6,92,115184,76.0
Downsizing,2017,5.8,63,111581,58.0
Gerald's Game,2017,6.5,77,111079,65.0
Geostorm,2017,5.3,21,108833,53.0
Power Rangers,2017,5.9,44,108783,59.0
The Death of Stalin,2017,7.2,88,103754,72.0
Fifty Shades Darker,2017,4.5,33,103357,45.0
The Ritual,2017,6.3,57,101853,63.0
Cars 3,2017,6.7,59,100929,67.0
It Comes at Night,2017,6.2,78,94782,62.0
The Circle,2017,5.3,43,93419,53.0
xXx: Return of Xander Cage,2017,5.2,42,92699,52.0
Shot Caller,2017,7.3,59,87277,73.0
Going in Style,2017,6.6,50,86153,66.0
Hostiles,2017,7.2,65,85942,72.0
All the Money in the World,2017,6.8,72,85759,68.0
Death Note,2017,4.5,43,85479,45.0
American Assassin,2017,6.2,45,83285,62.0
Jigsaw,2017,5.7,39,80467,57.0
Paddington 2,2017,7.8,88,79223,78.0
Papillon,2017,7.2,51,76217,72.0
The Mountain Between Us,2017,6.4,48,75901,64.0
Daddy's Home 2,2017,6.0,30,74097,60.0
A Dog's Purpose,2017,7.2,43,73015,72.0
A Ghost Story,2017,6.8,84,72983,68.0
Only the Brave,2017,7.6,72,70356,76.0
Brawl in Cell Block 99,2017,7.1,79,67315,71.0
The Square,2017,7.2,73,65868,72.0
The Snowman,2017,5.1,23,65119,51.0
The Emoji Movie,2017,3.3,12,64958,33.0
Pitch Perfect 3,2017,5.8,40,64933,58.0
1922,2017,6.2,70,64335,62.0
I don't feel at home in this world anymore.,2017,6.9,75,58523,69.0
Loving Vincent,2017,7.8,62,58416,78.0
The Beguiled,2017,6.3,77,58073,63.0
Ferdinand,2017,6.7,58,57916,67.0
Jungle,2017,6.7,48,57692,67.0
The Upside,2017,7.0,46,57109,70.0
First Reformed,2017,7.1,85,57093,71.0
Battle of the Sexes,2017,6.7,73,56225,67.0
47 Meters Down,2017,5.6,52,55989,56.0
Detroit,2017,7.3,77,53493,73.0
The Space Between Us,2017,6.4,33,53420,64.0
Before I Fall,2017,6.4,58,53008,64.0
Rough Night,2017,5.2,51,52682,52.0
A Bad Moms Christmas,2017,5.6,42,51201,56.0
Icarus,2017,7.9,68,50430,79.0
To the Bone,2017,6.8,64,50089,68.0
Mudbound,2017,7.4,85,49781,74.0
The Meyerowitz Stories (New and Selected),2017,6.9,79,49705,69.0
CHIPS,2017,6.0,28,48442,60.0
Flatliners,2017,5.2,27,47761,52.0
War Machine,2017,6.0,56,47095,60.0
Stronger,2017,6.9,76,45686,69.0
The House,2017,5.6,30,44843,56.0
Suburbicon,2017,5.7,42,44704,57.0
Cargo,2017,6.3,65,44127,63.0
Revenge,2017,6.4,81,44013,64.0
The Zookeeper's Wife,2017,7.0,57,43714,70.0
The Endless,2017,6.5,80,43416,65.0
Thoroughbreds,2017,6.6,75,43197,66.0
Fist Fight,2017,5.6,37,43120,56.0
Ingrid Goes West,2017,6.6,71,42690,66.0
Rings,2017,4.5,25,41140,45.0
The Wife,2017,7.2,77,40227,72.0
"Everything, Everything",2017,6.3,52,39355,63.0
"Roman J. Israel, Esq.",2017,6.5,58,38664,65.0
Girls Trip,2017,6.2,71,37916,62.0
Kidnap,2017,5.9,44,37410,59.0
Time Trap,2017,6.2,46,37313,62.0
The Shack,2017,6.2,32,36293,62.0
Victoria & Abdul,2017,6.8,58,36137,68.0
Snatched,2017,4.6,45,35906,46.0
Unlocked,2017,6.3,46,35760,63.0
Ghost Stories,2017,6.4,68,34865,64.0
The Discovery,2017,6.2,54,34766,62.0
The Glass Castle,2017,7.1,56,34148,71.0
Nelyubov,2017,7.6,86,33416,76.0
Aus dem Nichts,2017,7.1,65,33340,71.0
Thelma,2017,7.0,74,32950,70.0
Home Again,2017,5.8,41,32871,58.0
Sleepless,2017,5.6,34,32806,56.0
I Kill Giants,2017,6.1,74,32671,61.0
Marrowbone,2017,6.7,63,32451,67.0
Borg McEnroe,2017,6.9,63,32376,69.0
Disobedience,2017,6.6,74,31693,66.0
God's Own Country,2017,7.6,85,31409,76.0
Table 19,2017,5.8,40,29085,58.0
Wonder Wheel,2017,6.2,45,29051,62.0
Captain Underpants: The First Epic Movie,2017,6.2,69,28992,62.0
Teströl és lélekröl,2017,7.5,77,27946,75.0
The Current War,2017,6.5,55,27935,65.0
Goodbye Christopher Robin,2017,7.1,54,27860,71.0
The Book of Henry,2017,6.6,31,27790,66.0
The Wall,2017,6.2,57,27673,62.0
Creep 2,2017,6.4,75,27173,64.0
The Lego Ninjago Movie,2017,6.0,55,26682,60.0
Professor Marston and the Wonder Women,2017,7.0,68,26654,70.0
Den 12. mann,2017,7.3,70,26486,73.0
"Jim & Andy: The Great Beyond - Featuring a Very Special, Contractually Obligated Mention of Tony Clifton",2017,7.6,77,26336,76.0
Last Flag Flying,2017,6.9,65,26098,69.0
Cult of Chucky,2017,5.2,69,26064,52.0
The Ottoman Lieutenant,2017,6.4,26,25867,64.0
Una Mujer Fantástica,2017,7.2,86,25851,72.0
The Breadwinner,2017,7.7,78,25800,77.0
Avengers: Infinity War,2018,8.4,68,1069670,84.0
Black Panther,2018,7.3,88,759323,73.0
Deadpool 2,2018,7.7,66,579219,77.0
Bohemian Rhapsody,2018,7.9,49,536627,79.0
A Quiet Place,2018,7.5,82,526590,75.0
Spider-Man: Into the Spider-Verse,2018,8.4,87,522633,84.0
Green Book,2018,8.2,69,487437,82.0
Venom,2018,6.6,35,483280,66.0
Aquaman,2018,6.8,55,472292,68.0
Ready Player One,2018,7.4,64,434975,74.0
Ant-Man and the Wasp,2018,7.0,70,400344,70.0
A Star Is Born,2018,7.6,88,383226,76.0
Solo: A Star Wars Story,2018,6.9,62,346259,69.0
Bird Box,2018,6.6,51,341042,66.0
Mission: Impossible - Fallout,2018,7.7,86,332475,77.0
Annihilation,2018,6.8,79,326374,68.0
Jurassic World: Fallen Kingdom,2018,6.1,51,316542,61.0
Hereditary,2018,7.3,87,314587,73.0
Incredibles 2,2018,7.6,80,296627,76.0
Fantastic Beasts: The Crimes of Grindelwald,2018,6.5,52,282883,65.0
BlacKkKlansman,2018,7.5,83,263946,75.0
Game Night,2018,6.9,66,235412,69.0
Ocean's Eight,2018,6.3,61,219750,63.0
Tomb Raider,2018,6.3,48,215022,63.0
The Favourite,2018,7.5,91,200705,75.0
First Man,2018,7.3,84,188761,73.0
Red Sparrow,2018,6.6,53,186916,66.0
Upgrade,2018,7.5,67,186396,75.0
Crazy Rich Asians,2018,6.9,74,172995,69.0
The Meg,2018,5.6,46,172112,56.0
Isle of Dogs,2018,7.8,82,169138,78.0
Rampage,2018,6.1,45,168901,61.0
Bumblebee,2018,6.7,66,165778,67.0
Searching,2018,7.6,71,163222,76.0
Ralph Breaks the Internet,2018,7.0,71,161572,70.0
The Equalizer 2,2018,6.7,50,160496,67.0
Roma,2018,7.7,96,158573,77.0
Halloween,2018,6.5,67,155902,65.0
Bad Times at the El Royale,2018,7.1,60,150923,71.0
A Simple Favor,2018,6.8,67,150117,68.0
Sicario: Day of the Soldado,2018,7.0,61,148689,70.0
The Ballad of Buster Scruggs,2018,7.3,79,148200,73.0
Vice,2018,7.2,61,148042,72.0
The Nun,2018,5.3,46,141885,53.0
Maze Runner: The Death Cure,2018,6.2,50,140930,62.0
The Mule,2018,7.0,58,137997,70.0
Tag,2018,6.5,56,134573,65.0
The Predator,2018,5.3,48,134375,53.0
Mortal Engines,2018,6.1,44,127126,61.0
Creed II,2018,7.1,66,126122,71.0
Skyscraper,2018,5.8,51,123160,58.0
Pacific Rim: Uprising,2018,5.6,44,118168,56.0
The Commuter,2018,6.3,56,116484,63.0
"Love, Simon",2018,7.5,72,115577,75.0
Den of Thieves,2018,7.0,49,112740,70.0
To All the Boys I've Loved Before,2018,7.0,64,108382,70.0
Instant Family,2018,7.3,57,107629,73.0
The Cloverfield Paradox,2018,5.5,37,105939,55.0
Overlord,2018,6.6,60,99850,66.0
Widows,2018,6.8,84,98283,68.0
Mamma Mia! Here We Go Again,2018,6.6,60,95972,66.0
Capharnaüm,2018,8.4,75,89562,84.0
Mary Poppins Returns,2018,6.7,66,88625,67.0
12 Strong,2018,6.5,54,82554,65.0
Mile 22,2018,6.1,38,80203,61.0
Blockers,2018,6.2,69,80188,62.0
Sorry to Bother You,2018,6.9,80,80112,69.0
Mandy,2018,6.5,81,79943,65.0
Suspiria,2018,6.7,64,79004,67.0
Christopher Robin,2018,7.2,60,78469,72.0
The Spy Who Dumped Me,2018,6.0,52,78223,60.0
Beautiful Boy,2018,7.3,62,77865,73.0
The House That Jack Built,2018,6.8,42,77384,68.0
Manbiki kazoku,2018,7.9,93,76947,79.0
Eighth Grade,2018,7.4,89,76246,74.0
Johnny English Strikes Again,2018,6.2,39,74951,62.0
Hotel Transylvania 3: Summer Vacation,2018,6.3,54,74875,63.0
Robin Hood,2018,5.3,32,74391,53.0
Outlaw King,2018,6.9,59,72769,69.0
Death Wish,2018,6.3,31,72704,63.0
The Christmas Chronicles,2018,7.0,52,72643,70.0
The Grinch,2018,6.3,51,70775,63.0
Climax,2018,6.9,67,69136,69.0
Free Solo,2018,8.1,83,68809,81.0
Fifty Shades Freed,2018,4.5,31,66602,45.0
Mid90s,2018,7.3,66,65949,73.0
Peppermint,2018,6.4,29,65497,64.0
Les frères Sisters,2018,6.9,78,65349,69.0
Beoning,2018,7.5,90,65316,75.0
The First Purge,2018,5.2,54,64659,52.0
Hotel Mumbai,2018,7.6,62,64635,76.0
Hunter Killer,2018,6.6,43,64021,66.0
Alpha,2018,6.6,63,62974,66.0
Mowgli,2018,6.5,51,62453,65.0
Insidious: The Last Key,2018,5.7,49,61341,57.0
Leave No Trace,2018,7.1,88,60239,71.0
Tully,2018,6.9,75,59698,69.0
Den skyldige,2018,7.5,83,59367,75.0
Zimna wojna,2018,7.5,90,57449,75.0
Adrift,2018,6.6,56,57328,66.0
Truth or Dare,2018,5.2,35,56942,52.0
Set It Up,2018,6.5,62,54636,65.0
I Feel Pretty,2018,5.6,48,54327,56.0
Hotel Artemis,2018,6.1,58,54090,61.0
Apostle,2018,6.3,62,53665,63.0
How It Ends,2018,5.0,36,53648,50.0
Extinction,2018,5.8,40,53463,58.0
Can You Ever Forgive Me?,2018,7.1,87,52736,71.0
Arctic,2018,6.8,71,52687,68.0
The House with a Clock in Its Walls,2018,6.0,57,52245,60.0
Mary Queen of Scots,2018,6.3,60,51049,63.0
When We First Met,2018,6.4,36,49844,64.0
If Beale Street Could Talk,2018,7.1,87,49206,71.0
The Girl in the Spider's Web,2018,6.1,43,48182,61.0
Fyre,2018,7.2,75,47707,72.0
The Guernsey Literary and Potato Peel Pie Society,2018,7.3,65,47139,73.0
Dragged Across Concrete,2018,6.9,60,46935,69.0
Unsane,2018,6.4,63,46903,64.0
The Old Man & the Gun,2018,6.7,80,46539,67.0
American Animals,2018,7.0,68,45382,70.0
A Wrinkle in Time,2018,4.2,53,45328,42.0
Anon,2018,6.1,54,44981,61.0
The Perfection,2018,6.2,60,44104,62.0
Peter Rabbit,2018,6.6,51,43448,66.0
Under the Silver Lake,2018,6.5,60,43315,65.0
Operation Finale,2018,6.6,58,43048,66.0
Summer of 84,2018,6.7,57,41650,67.0
Night School,2018,5.6,43,41338,56.0
Braven,2018,5.9,61,40945,59.0
Smallfoot,2018,6.6,60,39930,66.0
Sierra Burgess Is a Loser,2018,5.8,60,39351,58.0
Boy Erased,2018,6.9,69,39131,69.0
Replicas,2018,5.4,19,38938,54.0
Overboard,2018,6.0,42,38917,60.0
White Boy Rick,2018,6.5,59,38182,65.0
Stan & Ollie,2018,7.2,75,37744,72.0
Hold the Dark,2018,5.6,63,37673,56.0
Life of the Party,2018,5.6,46,37531,56.0
Holmes & Watson,2018,3.9,24,36930,39.0
The Hate U Give,2018,7.5,81,36745,75.0
High Life,2018,5.8,77,36363,58.0
Freaks,2018,6.7,63,35936,67.0
Three Identical Strangers,2018,7.6,81,35803,76.0
Mute,2018,5.4,35,35795,54.0
At Eternity's Gate,2018,6.9,76,35577,69.0
Todos lo saben,2018,6.9,68,35083,69.0
They Shall Not Grow Old,2018,8.2,91,35072,82.0
On the Basis of Sex,2018,7.1,59,34871,71.0
Slender Man,2018,3.2,30,34803,32.0
Winchester,2018,5.4,28,34554,54.0
Dumplin',2018,6.5,53,34416,65.0
22 July,2018,6.8,69,34390,68.0
Greta,2018,6.0,54,34338,60.0
The 15:17 to Paris,2018,5.3,45,33949,53.0
The Nutcracker and the Four Realms,2018,5.5,39,33761,55.0
Unfriended: Dark Web,2018,6.0,53,33761,60.0
Ghostland,2018,6.4,44,33282,64.0
Padmaavat,2018,7.0,63,33144,70.0
The Professor,2018,6.7,37,33106,67.0
The Darkest Minds,2018,5.7,39,32678,57.0
Cam,2018,5.9,71,32525,59.0
Midnight Sun,2018,6.6,38,31891,66.0
Tau,2018,5.8,43,31890,58.0
The Strangers: Prey at Night,2018,5.2,48,31696,52.0
The Titan,2018,4.8,33,31669,48.0
The Nightingale,2018,7.3,77,31409,73.0
Blindspotting,2018,7.4,77,31113,74.0
"Game Over, Man!",2018,5.4,32,30810,54.0
Gräns,2018,7.0,75,30545,70.0
Gringo,2018,6.1,46,30531,61.0
Destination Wedding,2018,6.0,46,30433,60.0
Destroyer,2018,6.2,62,29963,62.0
Calibre,2018,6.8,76,29827,68.0
Wildlife,2018,6.8,80,29299,68.0
Book Club,2018,6.1,53,28554,61.0
The Happytime Murders,2018,5.4,27,28466,54.0
The Clovehitch Killer,2018,6.5,59,28438,65.0
Prospect,2018,6.3,68,28300,63.0
Doragon bôru chô: Burorî,2018,7.7,59,28116,77.0
Second Act,2018,5.8,46,27941,58.0
"Don't Worry, He Won't Get Far on Foot",2018,6.8,67,27473,68.0
Dogman,2018,7.2,71,27202,72.0
Joker,2019,8.4,59,1264713,84.0
Avengers: Endgame,2019,8.4,78,1116889,84.0
Gisaengchung,2019,8.5,96,790601,85.0
Once Upon a Time... in Hollywood,2019,7.6,83,728728,76.0
Knives Out,2019,7.9,82,620858,79.0
1917,2019,8.2,78,582748,82.0
Captain Marvel,2019,6.8,64,557678,68.0
Spider-Man: Far from Home,2019,7.4,69,488816,74.0
Star Wars: Episode IX - The Rise of Skywalker,2019,6.5,53,449082,65.0
Ford v Ferrari,2019,8.1,81,390235,81.0
Jojo Rabbit,2019,7.9,58,386620,79.0
The Irishman,2019,7.8,94,386153,78.0
John Wick: Chapter 3 - Parabellum,2019,7.4,73,342223,74.0
The Gentlemen,2019,7.8,51,336840,78.0
Shazam!,2019,7.0,71,336295,70.0
Midsommar,2019,7.1,72,319168,71.0
Marriage Story,2019,7.9,94,307821,79.0
Us,2019,6.8,81,298022,68.0
Uncut Gems,2019,7.4,91,280947,74.0
Alita: Battle Angel,2019,7.3,53,267579,73.0
Aladdin,2019,6.9,53,265614,69.0
It Chapter Two,2019,6.5,58,265309,65.0
Toy Story 4,2019,7.7,84,250166,77.0
Jumanji: The Next Level,2019,6.7,58,250055,67.0
El Camino: A Breaking Bad Movie,2019,7.3,72,248952,73.0
The Lion King,2019,6.8,55,245094,68.0
Glass,2019,6.6,43,243693,66.0
Ad Astra,2019,6.5,80,235691,65.0
El hoyo,2019,7.0,73,224089,70.0
The Lighthouse,2019,7.4,83,216415,74.0
Fast & Furious Presents: Hobbs & Shaw,2019,6.5,60,212920,65.0
Little Women,2019,7.8,91,203861,78.0
Doctor Sleep,2019,7.3,59,193339,73.0
Dark Phoenix,2019,5.7,43,187722,57.0
Godzilla: King of the Monsters,2019,6.0,48,183200,60.0
Zombieland: Double Tap,2019,6.7,55,180299,67.0
Terminator: Dark Fate,2019,6.2,54,178181,62.0
6 Underground,2019,6.1,41,176931,61.0
Rocketman,2019,7.3,69,175419,73.0
Frozen II,2019,6.8,64,172362,68.0
Pokémon: Detective Pikachu,2019,6.5,53,163746,65.0
Yesterday,2019,6.8,55,153207,68.0
Ready or Not,2019,6.8,64,151702,68.0
Klaus,2019,8.1,65,148830,81.0
Men in Black: International,2019,5.6,38,135120,56.0
The King,2019,7.3,62,129818,73.0
How to Train Your Dragon: The Hidden World,2019,7.4,71,129447,74.0
Triple Frontier,2019,6.4,61,129227,64.0
Murder Mystery,2019,6.0,38,128781,60.0
Sound of Metal,2019,7.7,82,127755,77.0
The Two Popes,2019,7.6,75,124081,76.0
Escape Room,2019,6.4,48,123304,64.0
Booksmart,2019,7.1,84,119558,71.0
Bombshell,2019,6.8,64,115497,68.0
Gemini Man,2019,5.7,38,114095,57.0
Long Shot,2019,6.8,67,111914,68.0
Maleficent: Mistress of Evil,2019,6.6,43,105789,66.0
Hustlers,2019,6.3,79,100616,63.0
Rambo: Last Blood,2019,6.1,26,99022,61.0
Brightburn,2019,6.1,44,98669,61.0
Angel Has Fallen,2019,6.4,45,98333,64.0
"Extremely Wicked, Shockingly Evil and Vile",2019,6.7,52,95032,67.0
Pet Sematary,2019,5.7,57,92870,57.0
The Highwaymen,2019,6.9,58,91987,69.0
I Am Mother,2019,6.7,64,91575,67.0
Portrait de la jeune fille en feu,2019,8.1,95,91473,81.0
Hellboy,2019,5.2,31,91012,52.0
The Peanut Butter Falcon,2019,7.6,70,90700,76.0
Polar,2019,6.3,19,90629,63.0
Dark Waters,2019,7.6,73,89080,76.0
Richard Jewell,2019,7.5,68,87801,75.0
Midway,2019,6.7,47,86098,67.0
Crawl,2019,6.1,60,85154,61.0
Anna,2019,6.6,40,82617,66.0
Fighting with My Family,2019,7.1,68,81788,71.0
A Beautiful Day in the Neighborhood,2019,7.2,80,80432,72.0
The Dead Don't Die,2019,5.4,53,79102,54.0
Last Christmas,2019,6.5,50,78207,65.0
Scary Stories to Tell in the Dark,2019,6.2,61,77509,62.0
Dumbo,2019,6.3,51,76442,63.0
Annabelle Comes Home,2019,5.9,53,76434,59.0
Fractured,2019,6.4,36,75971,64.0
Happy Death Day 2U,2019,6.2,57,75252,62.0
Charlie's Angels,2019,4.9,52,74055,49.0
Isn't It Romantic,2019,5.9,60,70428,59.0
Cold Pursuit,2019,6.2,57,69738,62.0
Just Mercy,2019,7.6,68,68051,76.0
21 Bridges,2019,6.6,51,67765,66.0
Five Feet Apart,2019,7.2,53,67451,72.0
The Lego Movie 2: The Second Part,2019,6.6,65,67262,66.0
The Farewell,2019,7.5,89,64730,75.0
The Secret Life of Pets 2,2019,6.4,55,62699,64.0
Guns Akimbo,2019,6.3,42,62139,63.0
Velvet Buzzsaw,2019,5.7,61,61828,57.0
Dolemite Is My Name,2019,7.2,76,61216,72.0
The Hustle,2019,5.4,35,60295,54.0
Vivarium,2019,5.8,64,59815,58.0
Dolor y gloria,2019,7.5,87,58592,75.0
Motherless Brooklyn,2019,6.8,60,57870,68.0
In the Tall Grass,2019,5.4,46,57103,54.0
Always Be My Maybe,2019,6.8,64,56953,68.0
Downton Abbey,2019,7.4,64,56732,74.0
After,2019,5.3,30,56073,53.0
Captive State,2019,6.0,54,54771,60.0
Shaft,2019,6.4,40,54069,64.0
Ma,2019,5.6,53,53876,56.0
In the Shadow of the Moon,2019,6.2,48,53752,62.0
Child's Play,2019,5.7,48,52538,57.0
Cats,2019,2.8,32,51622,28.0
The Laundromat,2019,6.3,57,51323,63.0
Judy,2019,6.8,66,51002,68.0
The Curse of La Llorona,2019,5.2,41,50970,52.0
I See You,2019,6.8,65,50153,68.0
The Dirt,2019,7.0,39,50126,70.0
Spies in Disguise,2019,6.8,54,49697,68.0
Togo,2019,7.9,69,49269,79.0
Color Out of Space,2019,6.2,70,48539,62.0
The Lodge,2019,6.0,64,48301,60.0
Official Secrets,2019,7.3,63,48257,73.0
Stuber,2019,6.2,42,47924,62.0
The Professor and the Madman,2019,7.2,27,46444,72.0
The Silence,2019,5.3,25,45869,53.0
A Rainy Day in New York,2019,6.5,38,44618,65.0
The Report,2019,7.2,66,44100,72.0
The Good Liar,2019,6.7,55,42450,67.0
Serenity,2019,5.4,37,41764,54.0
Tolkien,2019,6.8,48,41451,68.0
Tenki no ko,2019,7.5,72,41319,75.0
Bad Education,2019,7.1,79,40566,71.0
Code 8,2019,6.1,48,40420,61.0
Gully Boy,2019,7.9,65,40030,79.0
The Addams Family,2019,5.8,46,39939,58.0
The Vast of Night,2019,6.7,84,39878,67.0
Countdown,2019,5.4,31,39042,54.0
Abominable,2019,7.0,61,38821,70.0
The Boy Who Harnessed the Wind,2019,7.6,68,38732,76.0
The Art of Self-Defense,2019,6.6,65,38003,66.0
Saint Maud,2019,6.7,83,37987,67.0
Late Night,2019,6.5,70,37983,65.0
Honey Boy,2019,7.2,73,37798,72.0
The Informer,2019,6.6,61,37708,66.0
The Outpost,2019,6.8,71,35038,68.0
IO,2019,4.7,40,34611,47.0
The Aeronauts,2019,6.6,60,33907,66.0
J'ai perdu mon corps,2019,7.5,81,33282,75.0
Between Two Ferns: The Movie,2019,6.1,59,33077,61.0
Yip Man 4,2019,7.0,62,32706,70.0
The Art of Racing in the Rain,2019,7.5,43,32010,75.0
Queen & Slim,2019,7.1,74,31966,71.0
Synchronic,2019,6.2,64,31417,62.0
Dora and the Lost City of Gold,2019,6.1,63,31320,61.0
Liu lang di qiu,2019,5.9,57,30823,59.0
The Angry Birds Movie 2,2019,6.4,60,30064,64.0
Haunt,2019,6.3,69,29938,63.0
7500,2019,6.3,58,29477,63.0
What Men Want,2019,5.3,49,28298,53.0
Bacurau,2019,7.3,82,27780,73.0
Tenet,2020,7.3,69,498894,73.0
Soul,2020,8.0,83,327247,80.0
Wonder Woman 1984,2020,5.4,60,266470,54.0
Birds of Prey and the Fantabulous Emancipation of One Harley Quinn,2020,6.0,60,238564,60.0
The Invisible Man,2020,7.1,72,228243,71.0
A Quiet Place Part II,2020,7.2,71,226272,72.0
Extraction,2020,6.7,56,202829,67.0
Enola Holmes,2020,6.6,68,182470,66.0
The Trial of the Chicago 7,2020,7.7,76,177212,77.0
Promising Young Woman,2020,7.5,73,172153,75.0
The Old Guard,2020,6.6,70,165011,66.0
Bad Boys for Life,2020,6.5,59,160914,65.0
Nomadland,2020,7.3,92,160587,73.0
Palm Springs,2020,7.4,83,159021,74.0
Druk,2020,7.7,79,156372,77.0
The Father,2020,8.2,88,151842,82.0
Onward,2020,7.4,61,149269,74.0
Mulan,2020,5.7,66,148331,57.0
Borat Subsequent Moviefilm: Delivery of Prodigious Bribe to American Regime for Make Benefit Once Glorious Nation of Kazakhstan,2020,6.6,68,141105,66.0
Sonic the Hedgehog,2020,6.5,47,139680,65.0
The Devil All the Time,2020,7.1,55,135060,71.0
I Care a Lot,2020,6.3,66,133021,63.0
Love and Monsters,2020,6.9,63,127719,69.0
Greenland,2020,6.4,64,117260,64.0
The Hunt,2020,6.5,50,114965,65.0
Greyhound,2020,7.0,64,97566,70.0
Eurovision Song Contest: The Story of Fire Saga,2020,6.5,50,94363,65.0
Hamilton,2020,8.4,90,94035,84.0
Project Power,2020,6.0,51,89025,60.0
Spenser Confidential,2020,6.2,49,88867,62.0
News of the World,2020,6.8,73,87211,68.0
I'm Thinking of Ending Things,2020,6.6,78,86740,66.0
The Midnight Sky,2020,5.6,58,83567,56.0
Underwater,2020,5.8,48,83156,58.0
The Social Dilemma,2020,7.6,78,82935,76.0
Minari,2020,7.4,89,81378,74.0
The New Mutants,2020,5.3,43,79939,53.0
Run,2020,6.7,67,79621,67.0
Bloodshot,2020,5.7,44,78307,57.0
Mank,2020,6.8,79,75590,68.0
Unhinged,2020,6.0,40,69054,60.0
The King of Staten Island,2020,7.1,67,68421,71.0
Boss Level,2020,6.8,56,67835,68.0
Holidate,2020,6.1,44,65901,61.0
Dolittle,2020,5.6,26,65009,56.0
The Courier,2020,7.1,65,61468,71.0
Monster Hunter,2020,5.2,47,59271,52.0
Freaky,2020,6.3,67,58716,63.0
Kimetsu no Yaiba: Mugen Ressha-Hen,2020,8.2,72,57737,82.0
Ava,2020,5.4,39,55976,54.0
My Octopus Teacher,2020,8.1,82,54931,81.0
Emma.,2020,6.7,71,54601,67.0
Ma Rainey's Black Bottom,2020,6.9,87,53754,69.0
The Night House,2020,6.5,68,53445,65.0
Fantasy Island,2020,4.9,22,52933,49.0
Da 5 Bloods,2020,6.5,82,51760,65.0
Hubie Halloween,2020,5.2,53,51490,52.0
Honest Thief,2020,6.0,46,50810,60.0
Retfærdighedens ryttere,2020,7.5,81,50797,75.0
Pieces of a Woman,2020,7.0,66,50148,70.0
The Call of the Wild,2020,6.7,48,49597,67.0
Bill & Ted Face the Music,2020,5.9,65,48045,59.0
The Way Back,2020,6.7,66,46841,67.0
The Croods: A New Age,2020,6.9,56,43639,69.0
Hillbilly Elegy,2020,6.7,38,42641,67.0
His House,2020,6.5,72,42557,65.0
Rebecca,2020,6.0,46,42480,60.0
The Witches,2020,5.3,47,41590,53.0
The Babysitter: Killer Queen,2020,5.8,22,40807,58.0
The Wrong Missy,2020,5.7,33,40201,57.0
Happiest Season,2020,6.6,69,39667,66.0
To All the Boys: P.S. I Still Love You,2020,6.0,54,39581,60.0
The Half of It,2020,6.9,74,38082,69.0
Escape from Pretoria,2020,6.8,56,37691,68.0
Possessor,2020,6.5,72,36766,65.0
"Quo vadis, Aida?",2020,8.0,97,33609,80.0
Busanhaeng 2: Bando,2020,5.5,51,33222,55.0
The Rental,2020,5.7,62,32641,57.0
On the Rocks,2020,6.4,73,32533,64.0
WolfWalkers,2020,8.0,87,32529,80.0
After We Collided,2020,5.0,14,32317,50.0
The Kissing Booth 2,2020,5.7,39,32294,57.0
David Attenborough: A Life on Our Planet,2020,8.9,72,32264,89.0
One Night in Miami...,2020,7.1,83,32223,71.0
All the Bright Places,2020,6.5,61,32119,65.0
Gretel & Hansel,2020,5.5,64,31306,55.0
My Spy,2020,6.3,46,31071,63.0
Mignonnes,2020,3.5,67,30834,35.0
Host,2020,6.5,73,30797,65.0
The Christmas Chronicles: Part Two,2020,6.0,51,30071,60.0
The Dissident,2020,7.9,81,29883,79.0
The Banker,2020,7.3,59,28965,73.0
American Murder: The Family Next Door,2020,7.2,67,28714,72.0
Artemis Fowl,2020,4.2,31,28547,42.0
Never Rarely Sometimes Always,2020,7.4,92,28459,74.0
The Prom,2020,5.9,55,27455,59.0
Antebellum,2020,5.8,43,27309,58.0
Shadow in the Cloud,2020,5.0,66,27223,50.0
Relic,2020,6.0,77,27179,60.0
Scoob!,2020,5.6,43,27098,56.0
The Dry,2020,6.8,69,27021,68.0
Let Him Go,2020,6.7,63,26759,67.0
The Grudge,2020,4.3,41,26600,43.0
The Lovebirds,2020,6.1,59,26319,61.0
Fatman,2020,5.9,40,25308,59.0
Sputnik,2020,6.4,61,24498,64.0
Run Hide Fight,2020,6.3,13,24322,63.0
An American Pickle,2020,5.7,58,24135,57.0
Trolls World Tour,2020,6.1,51,23698,61.0
Over the Moon,2020,6.3,60,22627,63.0
Archive,2020,6.3,67,22533,63.0
Lost Girls,2020,6.1,67,22188,61.0
Shiva Baby,2020,7.1,79,21889,71.0
You Should Have Left,2020,5.4,46,21747,54.0
The Wolf of Snow Hollow,2020,6.2,67,21389,62.0
The War with Grandpa,2020,5.6,34,21217,56.0
Alone,2020,6.2,70,21047,62.0
Capone,2020,4.7,46,21041,47.0
Love Wedding Repeat,2020,5.5,41,20801,55.0
Uncle Frank,2020,7.3,58,20785,73.0
Irresistible,2020,6.3,47,20627,63.0
Minamata,2020,7.3,55,20200,73.0
Miss Americana,2020,7.4,65,20061,74.0
The Willoughbys,2020,6.3,68,19270,63.0
The Kid Detective,2020,7.0,74,19170,70.0
Kajillionaire,2020,6.4,78,19064,64.0
The Rhythm Section,2020,5.4,45,18737,54.0
Ammonite,2020,6.5,72,18684,65.0
Jingle Jangle: A Christmas Journey,2020,6.4,69,18601,64.0
The SpongeBob Movie: Sponge on the Run,2020,5.9,65,18538,59.0
